"Commodity-wise, Market-wise Daily Report on : 01/01/2019 NR : Not Reported",,,,,,,,
,,,,,,,,
Market Center,Arrivals(in tonnes),Unit of Arrivals,Origin,Variety,Minimum Prices(in Rs/quintals),Maximum Prices(in Rs/quintals),Modal Prices(in Rs/quintals),Unit of Price
Fruits,,,,,,,,
Amla(Nelli Kai),,,,,,,,
Gujarat,,,,,,,,
Ahmedabad,32.3,Tonnes,NR,Other,1000,2500,1800,Rs/Quintal
Ankleshwar,0.1,Tonnes,NR,Amla,2000,2900,2675,Rs/Quintal
Haryana,,,,,,,,
Jhajjar,0.5,Tonnes,NR,Other,700,2000,2000,Rs/Quintal
Kerala,,,,,,,,
Kondotty,0.25,Tonnes,NR,Other,3400,3600,3500,Rs/Quintal
Kottakkal,2,Tonnes,NR,Other,2750,2850,2800,Rs/Quintal
Nedumkandam,0.3,Tonnes,NR,Other,4000,4000,4000,Rs/Quintal
Parappanangadi,0.5,Tonnes,NR,Other,2850,3150,2950,Rs/Quintal
Perinthalmanna,2.4,Tonnes,NR,Amla,2700,3300,3000,Rs/Quintal
Thirurrangadi,0.5,Tonnes,NR,Amla,2500,2950,2850,Rs/Quintal
Maharashtra,,,,,,,,
Chandrapur(Ganjwad),1,Tonnes,NR,Other,1500,2800,2000,Rs/Quintal
Punjab,,,,,,,,
Barnala,0.4,Tonnes,NR,Amla,1300,1850,1575,Rs/Quintal
Faridkot,0.04,Tonnes,NR,Amla,1500,2000,1500,Rs/Quintal
Nawan Shahar(Subzi Mandi),0.1,Tonnes,NR,Amla,2000,3000,2600,Rs/Quintal
Rajasthan,,,,,,,,
Chittorgarh,0.3,Tonnes,NR,Other,800,1200,1000,Rs/Quintal
Uttar Pradesh,,,,,,,,
Faizabad,0.3,Tonnes,NR,Amla,1330,1400,1350,Rs/Quintal
Jafarganj,0.4,Tonnes,NR,Amla,1150,1250,1200,Rs/Quintal
Jhijhank,2,Tonnes,NR,Amla,2250,2350,2300,Rs/Quintal
Unnao,4,Tonnes,NR,Amla,1750,1850,1800,Rs/Quintal
Apple,,,,,,,,
Chattisgarh,,,,,,,,
Durg,28,Tonnes,NR,Other,7000,9000,8000,Rs/Quintal
Gujarat,,,,,,,,
"Ahmedabad(Fruit Market, Naroda)",212.9,Tonnes,NR,Other,6500,8500,7600,Rs/Quintal
Ahmedabad(Manekchowk),0.1,Tonnes,NR,Other,6500,8500,7600,Rs/Quintal
Bharuch,8.36,Tonnes,NR,Royal Mishri,4000,5500,4500,Rs/Quintal
Gondal(Veg.market Gondal),62.68,Tonnes,NR,Apple,2500,5000,3750,Rs/Quintal
Vadodara(Navapura),10,Tonnes,NR,Other,7000,9000,8000,Rs/Quintal
Haryana,,,,,,,,
Ambala Cantt.,1,Tonnes,NR,Apple,4000,6000,5500,Rs/Quintal
Asandh,0.8,Tonnes,NR,Other,4200,5000,4800,Rs/Quintal
Barara,NR,Tonnes,NR,Apple,4000,4500,4000,Rs/Quintal
Barwala(Hisar),3,Tonnes,NR,Other,5000,5000,5000,Rs/Quintal
Cheeka,0.01,Tonnes,NR,Other,5000,5000,5000,Rs/Quintal
Faridabad,25,Tonnes,NR,Other,3000,5000,4000,Rs/Quintal
Ganaur,0.1,Tonnes,NR,Apple,8000,9000,8200,Rs/Quintal
Gurgaon,10.4,Tonnes,NR,Other,6000,10000,8000,Rs/Quintal
Hissar,25.5,Tonnes,NR,Other,3800,7500,5200,Rs/Quintal
Iamailabad,0.03,Tonnes,NR,Apple,6500,7500,7000,Rs/Quintal
Jagadhri,0.5,Tonnes,NR,Other,5500,6000,6000,Rs/Quintal
Jhajjar,2.3,Tonnes,NR,Other,3000,4500,4500,Rs/Quintal
Jind,5.7,Tonnes,NR,Other,4000,6000,5000,Rs/Quintal
kalanwali,0.6,Tonnes,NR,Other,3000,5000,4000,Rs/Quintal
Khanina,0.2,Tonnes,NR,Other,6000,6000,6000,Rs/Quintal
Ladwa,0.8,Tonnes,NR,Apple,6000,7000,6200,Rs/Quintal
Meham,1,Tonnes,NR,Apple,4000,5000,4500,Rs/Quintal
Mohindergarh,4.8,Tonnes,NR,Apple,4000,5000,5000,Rs/Quintal
Narnaul,0.8,Tonnes,NR,Other,3000,3500,3500,Rs/Quintal
Narnaund,0.3,Tonnes,NR,Other,4100,4500,4200,Rs/Quintal
Narwana,0.5,Tonnes,NR,Other,4500,5000,4750,Rs/Quintal
Panipat,8.3,Tonnes,NR,Other,4000,7000,6700,Rs/Quintal
Pataudi,1.1,Tonnes,NR,Other,4000,7000,5500,Rs/Quintal
Radaur,2,Tonnes,NR,Other,4000,4500,4200,Rs/Quintal
Ratia,0.6,Tonnes,NR,Other,4000,4000,4000,Rs/Quintal
Rewari,1,Tonnes,NR,Apple,4500,5900,5000,Rs/Quintal
Sadhaura,0.3,Tonnes,NR,Other,3500,4500,4000,Rs/Quintal
Sampla,1.1,Tonnes,NR,Other,6000,6000,6000,Rs/Quintal
Shahabad,1.5,Tonnes,NR,Apple,4500,5300,5000,Rs/Quintal
Shahzadpur,0.2,Tonnes,NR,Apple,4000,4000,4000,Rs/Quintal
Sirsa,9,Tonnes,NR,Other,3000,6000,4200,Rs/Quintal
Sonepat,5.2,Tonnes,NR,Other,4000,4500,4000,Rs/Quintal
Thanesar,16,Tonnes,NR,Other,2500,6000,4000,Rs/Quintal
Uklana,0.5,Tonnes,NR,Apple,4000,4500,4500,Rs/Quintal
Himachal Pradesh,,,,,,,,
Dhanotu (Mandi),0.1,Tonnes,NR,Other,6000,7000,6500,Rs/Quintal
Kangra,1,Tonnes,NR,Other,5000,7000,6000,Rs/Quintal
Kangra(Baijnath),0.1,Tonnes,NR,Kasmir/Shimla - II,5000,6000,5500,Rs/Quintal
Kangra(Jaisinghpur),0.05,Tonnes,NR,Apple,5000,6000,6000,Rs/Quintal
Kangra(Jassour),2,Tonnes,NR,Other,4500,5500,5000,Rs/Quintal
Mandi(Mandi),0.1,Tonnes,NR,Apple,2500,5000,4000,Rs/Quintal
Palampur,0.5,Tonnes,NR,Apple,5000,7000,6000,Rs/Quintal
Santoshgarh,0.4,Tonnes,NR,Other,3000,4500,3800,Rs/Quintal
Solan,0.82,Tonnes,NR,Apple,3500,9000,6000,Rs/Quintal
Solan(Nalagarh),0.2,Tonnes,NR,Other,3500,5500,5000,Rs/Quintal
Una,1.4,Tonnes,NR,Delicious,5000,8000,6500,Rs/Quintal
Jammu and Kashmir,,,,,,,,
Akhnoor,2,Tonnes,NR,Other,2000,2200,2100,Rs/Quintal
Narwal Jammu (F&V),144,Tonnes,NR,Delicious,4000,6000,5000,Rs/Quintal
Nowpora,880,Tonnes,NR,American,3080,3640,3360,Rs/Quintal
,,,NR,American,1400,1960,1680,Rs/Quintal
,,,NR,Delicious,2800,3360,3080,Rs/Quintal
,,,NR,Delicious,1120,1680,1400,Rs/Quintal
,,,NR,Maharaji,1680,2240,2016,Rs/Quintal
,,,NR,Maharaji,1120,1260,1176,Rs/Quintal
Samba,1.5,Tonnes,NR,Delicious,2000,3000,2500,Rs/Quintal
Karnataka,,,,,,,,
"Binny Mill (F&V), Bangalore",239,Tonnes,NR,Apple,7000,8000,7500,Rs/Quintal
Kerala,,,,,,,,
Aroor,0.2,Tonnes,NR,Other,11000,11300,11200,Rs/Quintal
Chala,2,Tonnes,NR,Other,9000,9150,9050,Rs/Quintal
,,,NR,Other,7000,7150,7050,Rs/Quintal
Kondotty,0.25,Tonnes,NR,Other,9000,9400,9200,Rs/Quintal
Kottakkal,0.9,Tonnes,NR,Other,8500,8600,8550,Rs/Quintal
Manjeri,7,Tonnes,NR,Other,7500,7600,7550,Rs/Quintal
Mukkom,0.7,Tonnes,NR,Other,9000,10000,9500,Rs/Quintal
Parappanangadi,0.3,Tonnes,NR,Other,9750,9950,9850,Rs/Quintal
Perinthalmanna,2.3,Tonnes,NR,Apple,11600,12400,12000,Rs/Quintal
Thirurrangadi,0.6,Tonnes,NR,Other,9950,10500,10000,Rs/Quintal
Thodupuzha,1,Tonnes,NR,Other,7000,8500,7500,Rs/Quintal
Vandiperiyar,1,Tonnes,NR,Other,8500,9000,8500,Rs/Quintal
Madhya Pradesh,,,,,,,,
Bhopal(F&V),27.5,Tonnes,NR,Other,2000,4000,3000,Rs/Quintal
Dhar(F&V),2.5,Tonnes,NR,Other,1500,3000,2500,Rs/Quintal
Ujjain(F&V),1.25,Tonnes,NR,Apple,3000,5200,4000,Rs/Quintal
Maharashtra,,,,,,,,
Amrawati(Frui & Veg. Market),43,Tonnes,NR,Simla,5000,6000,5500,Rs/Quintal
Aurangabad,40,Tonnes,NR,Other,4000,8000,6000,Rs/Quintal
Chandrapur(Ganjwad),5,Tonnes,NR,Other,5500,7000,6000,Rs/Quintal
Fruit Market,478,Tonnes,NR,Other,6000,9000,7500,Rs/Quintal
Kalyan,NR,Tonnes,NR,Other,8000,12000,10000,Rs/Quintal
Karad,2,Tonnes,NR,Simla,4330,6000,6000,Rs/Quintal
Kolhapur,4,Tonnes,NR,Other,2000,5000,3750,Rs/Quintal
Nagpur,40,Tonnes,NR,Simla,6000,8000,7500,Rs/Quintal
Nasik,36,Tonnes,NR,Simla,5000,8500,6000,Rs/Quintal
Pune,40,Tonnes,NR,Other,4000,14500,9000,Rs/Quintal
Rahuri,NR,Tonnes,NR,Other,6000,6000,6000,Rs/Quintal
"Sangli(Phale, Bhajipura Market)",23,Tonnes,NR,Other,3437,6875,5312,Rs/Quintal
Solapur,69,Tonnes,NR,Other,625,925,850,Rs/Quintal
NCT of Delhi,,,,,,,,
Azadpur,1829.6,Tonnes,NR,Kullu Royal Delicious,3125,6250,4375,Rs/Quintal
,,,NR,Royal Delicious,6000,11000,8000,Rs/Quintal
Odisha,,,,,,,,
Karanjia,0.08,Tonnes,NR,Other,9000,10000,9500,Rs/Quintal
,,,NR,Other,8000,9000,8500,Rs/Quintal
Punjab,,,,,,,,
Abohar,2,Tonnes,NR,Apple,2950,5700,3650,Rs/Quintal
Adampur,0.2,Tonnes,NR,Other,2500,3000,3000,Rs/Quintal
Amritsar(Amritsar Mewa Mandi),70,Tonnes,NR,Apple,1500,3500,2500,Rs/Quintal
Balachaur,0.18,Tonnes,NR,Other,5500,6000,5800,Rs/Quintal
Banga,1.5,Tonnes,NR,Other,1960,3050,3050,Rs/Quintal
Bariwala,0.04,Tonnes,NR,American,3000,3600,3500,Rs/Quintal
Barnala,2,Tonnes,NR,Other,3000,4000,3500,Rs/Quintal
Bassi Pathana,0.5,Tonnes,NR,Apple,7000,7500,7200,Rs/Quintal
Batala,1.2,Tonnes,NR,Other,2200,3500,3200,Rs/Quintal
Bathinda,2.1,Tonnes,NR,Other,7000,12500,9000,Rs/Quintal
Bhawanigarh,0.5,Tonnes,NR,Other,2500,5000,3500,Rs/Quintal
Budalada,0.5,Tonnes,NR,Other,3000,6800,5100,Rs/Quintal
Chamkaur Sahib,1,Tonnes,NR,Apple,4200,4220,4210,Rs/Quintal
Dasuya,0.8,Tonnes,NR,Kasmir/Shimla - II,3500,4000,4000,Rs/Quintal
,,,NR,Kasmir/Shimla - II,2000,2500,2500,Rs/Quintal
Dinanagar,0.5,Tonnes,NR,Apple,3500,4000,3700,Rs/Quintal
Faridkot,2.91,Tonnes,NR,Apple,4000,5200,5000,Rs/Quintal
Fazilka,2,Tonnes,NR,Other,4000,5000,4500,Rs/Quintal
Ferozepur Cantt.,0.18,Tonnes,NR,Apple,5000,5200,5100,Rs/Quintal
Firozepur City,0.1,Tonnes,NR,Other,3000,4000,3500,Rs/Quintal
Garh Shankar(Mahalpur),0.85,Tonnes,NR,Other,5400,6000,5700,Rs/Quintal
Jalandhar City(Jalandhar),52.9,Tonnes,NR,Other,2000,3600,2900,Rs/Quintal
Khanna,6.3,Tonnes,NR,Other,3000,5000,4000,Rs/Quintal
Malerkotla,4,Tonnes,NR,Other,2400,3500,3200,Rs/Quintal
Malout,0.8,Tonnes,NR,Apple,5000,6000,5500,Rs/Quintal
Morinda,0.1,Tonnes,NR,Other,6200,6200,6200,Rs/Quintal
Mukerian,0.3,Tonnes,NR,Other,2500,5000,4000,Rs/Quintal
Mukerian(Talwara),0.22,Tonnes,NR,Other,2000,3500,2500,Rs/Quintal
Muktsar,1,Tonnes,NR,Simla,4000,6000,5000,Rs/Quintal
Nabha,15,Tonnes,NR,Other,800,800,800,Rs/Quintal
Nawan Shahar(Subzi Mandi),0.3,Tonnes,NR,Other,3500,4200,4000,Rs/Quintal
Patti,0.4,Tonnes,NR,Other,4000,5000,4500,Rs/Quintal
Phagwara,10.4,Tonnes,NR,Other,2784,4500,3642,Rs/Quintal
Raikot,1,Tonnes,NR,Other,4000,4500,4200,Rs/Quintal
Rajpura,2,Tonnes,NR,Other,3500,4500,4000,Rs/Quintal
Rampuraphul(Nabha Mandi),1,Tonnes,NR,Other,4000,4500,4000,Rs/Quintal
Sangrur,0.5,Tonnes,NR,Apple,4500,4500,4500,Rs/Quintal
Sirhind,0.3,Tonnes,NR,Other,6000,6000,6000,Rs/Quintal
Sunam,1,Tonnes,NR,Other,3000,6000,5000,Rs/Quintal
Tanda Urmur,0.1,Tonnes,NR,Other,4000,5000,4500,Rs/Quintal
Zira,0.2,Tonnes,NR,Apple,3500,4500,4000,Rs/Quintal
Rajasthan,,,,,,,,
Alwar(FV),1.8,Tonnes,NR,Other,5300,10000,7650,Rs/Quintal
Chittorgarh,1,Tonnes,NR,Other,6000,19000,12000,Rs/Quintal
Jaipur(F&V),169.2,Tonnes,NR,Other,3000,9000,6000,Rs/Quintal
Sriganganagar(F&V),7,Tonnes,NR,Apple,3500,3500,3500,Rs/Quintal
Udaipur(F&V),26.5,Tonnes,NR,Other,2000,3500,2750,Rs/Quintal
Uttar Pradesh,,,,,,,,
Achalda,1,Tonnes,NR,Delicious,2500,2750,2600,Rs/Quintal
Aligarh,7,Tonnes,NR,Delicious,5100,5200,5150,Rs/Quintal
Amroha,0.4,Tonnes,NR,Delicious,2000,4000,3000,Rs/Quintal
Anandnagar,0.1,Tonnes,NR,Apple,4200,4500,4300,Rs/Quintal
Auraiya,1,Tonnes,NR,Delicious,6500,6700,6600,Rs/Quintal
Baberu,0.6,Tonnes,NR,Kasmir/Shimla - II,6220,6415,6325,Rs/Quintal
Bahraich,8.5,Tonnes,NR,Kasmir/Shimla - II,4320,5350,4950,Rs/Quintal
Ballia,3,Tonnes,NR,Apple,5560,5680,5620,Rs/Quintal
Balrampur,2.4,Tonnes,NR,Delicious,5100,5700,5400,Rs/Quintal
Bangarmau,1.8,Tonnes,NR,Delicious,6000,6100,6050,Rs/Quintal
Barabanki,12.8,Tonnes,NR,Delicious,5500,5600,5540,Rs/Quintal
Baraut,0.2,Tonnes,NR,Kasmir/Shimla - II,4600,4800,4700,Rs/Quintal
Bareilly,16,Tonnes,NR,Delicious,5125,5250,5200,Rs/Quintal
Basti,1.5,Tonnes,NR,Delicious,5100,5200,5150,Rs/Quintal
Bewar,0.2,Tonnes,NR,Delicious,5200,5400,5300,Rs/Quintal
Bharthna,2.4,Tonnes,NR,Delicious,4600,5000,4800,Rs/Quintal
Bijnaur,1.2,Tonnes,NR,Delicious,4830,4980,4900,Rs/Quintal
Charra,1.5,Tonnes,NR,Delicious,4900,5100,5000,Rs/Quintal
Chhibramau(Kannuj),1,Tonnes,NR,Delicious,6300,6500,6400,Rs/Quintal
Chutmalpur,0.5,Tonnes,NR,Apple,3400,3700,3500,Rs/Quintal
Devariya,12,Tonnes,NR,Apple,4750,4800,4775,Rs/Quintal
Dhanura,1,Tonnes,NR,Delicious,2500,3000,2500,Rs/Quintal
Etawah,14,Tonnes,NR,Delicious,4500,5100,4800,Rs/Quintal
Faizabad,0.7,Tonnes,NR,Apple,5400,5700,5500,Rs/Quintal
Farukhabad,7,Tonnes,NR,Delicious,6000,6300,6200,Rs/Quintal
Fatehabad,15,Tonnes,NR,Delicious,5400,5450,5420,Rs/Quintal
Fatehpur,3.2,Tonnes,NR,Kasmir/Shimla - II,5600,5730,5680,Rs/Quintal
Fatehpur Sikri,0.2,Tonnes,NR,Delicious,5000,5100,5050,Rs/Quintal
Gangoh,1.2,Tonnes,NR,Kasmir/Shimla - II,6090,6125,6115,Rs/Quintal
Gazipur,2.5,Tonnes,NR,Delicious,5800,5850,5820,Rs/Quintal
Ghiraur,0.5,Tonnes,NR,Delicious,5150,5350,5250,Rs/Quintal
Golagokarnath,1.8,Tonnes,NR,Apple,6500,6700,6550,Rs/Quintal
Gonda,3.5,Tonnes,NR,Delicious,5180,5220,5200,Rs/Quintal
Gopiganj,3,Tonnes,NR,American,3200,3200,3200,Rs/Quintal
Gorakhpur,55,Tonnes,NR,Apple,5100,5400,5235,Rs/Quintal
Haathras,4,Tonnes,NR,Delicious,4000,4100,4050,Rs/Quintal
Hardoi,1.4,Tonnes,NR,Kasmir/Shimla - II,7240,7270,7250,Rs/Quintal
Hasanpur,0.4,Tonnes,NR,Delicious,3700,3900,3800,Rs/Quintal
Jafarganj,1,Tonnes,NR,Delicious,4560,4800,4600,Rs/Quintal
Jagnair,0.3,Tonnes,NR,Delicious,5200,5400,5300,Rs/Quintal
Jarar,0.2,Tonnes,NR,Kasmir/Shimla - II,5000,5100,5050,Rs/Quintal
Jaunpur,1.2,Tonnes,NR,Delicious,5800,5900,5850,Rs/Quintal
Jhansi,3.5,Tonnes,NR,Delicious,5700,5950,5850,Rs/Quintal
Jhijhank,3,Tonnes,NR,American,3300,3500,3400,Rs/Quintal
Kanpur(Grain),95,Tonnes,NR,Delicious,5700,5800,5750,Rs/Quintal
Karnailganj,0.25,Tonnes,NR,Golden,5100,5140,5120,Rs/Quintal
Karvi,0.7,Tonnes,NR,Kasmir/Shimla - II,6245,6470,6360,Rs/Quintal
Kasganj,1.8,Tonnes,NR,Kasmir/Shimla - II,4600,4720,4650,Rs/Quintal
Kayamganj,4,Tonnes,NR,Delicious,6200,6250,6225,Rs/Quintal
Khairagarh,0.3,Tonnes,NR,Delicious,5200,5400,5300,Rs/Quintal
Khalilabad,0.6,Tonnes,NR,Delicious,5600,5750,5650,Rs/Quintal
Kiratpur,2,Tonnes,NR,Apple,3600,3800,3700,Rs/Quintal
Konch,2,Tonnes,NR,Other,4850,5200,5000,Rs/Quintal
Kopaganj,13,Tonnes,NR,Apple,5100,5200,5140,Rs/Quintal
Kosikalan,4,Tonnes,NR,Apple,3900,4100,4000,Rs/Quintal
Lakhimpur,8,Tonnes,NR,Simla,6700,6800,6750,Rs/Quintal
Lalitpur,5,Tonnes,NR,Kasmir/Shimla - II,6300,6860,6400,Rs/Quintal
Lucknow,71,Tonnes,NR,Apple,5350,5650,5500,Rs/Quintal
Madhoganj,0.8,Tonnes,NR,Kasmir/Shimla - II,6300,6500,6400,Rs/Quintal
Maharajganj,5,Tonnes,NR,Apple,5200,5300,5250,Rs/Quintal
Mainpuri,9,Tonnes,NR,Kasmir/Shimla - II,5000,5100,5050,Rs/Quintal
Mathura,30,Tonnes,NR,Golden,5200,5600,5400,Rs/Quintal
Mau,13,Tonnes,NR,Delicious,5100,5200,5140,Rs/Quintal
Mauranipur,0.5,Tonnes,NR,Kasmir/Shimla - II,6450,6550,6500,Rs/Quintal
Mawana,1,Tonnes,NR,Delicious,3500,3600,3550,Rs/Quintal
Meerut,34,Tonnes,NR,Delicious,4675,5050,4900,Rs/Quintal
Mirzapur,15,Tonnes,NR,Delicious,5765,5880,5820,Rs/Quintal
Mugrabaadshahpur,1.9,Tonnes,NR,Kasmir/Shimla - II,4680,4730,4700,Rs/Quintal
Muradabad,20,Tonnes,NR,Delicious,5200,5400,5300,Rs/Quintal
Muzzafarnagar,5.5,Tonnes,NR,Delicious,4930,4980,4955,Rs/Quintal
Naanpara,3.5,Tonnes,NR,Royal Delicious,4500,5000,4800,Rs/Quintal
Nagina,0.4,Tonnes,NR,Apple,3200,3300,3250,Rs/Quintal
Najibabad,2.5,Tonnes,NR,Apple,2900,3100,3000,Rs/Quintal
Nanuta,0.15,Tonnes,NR,Apple,4860,5424,5180,Rs/Quintal
Naugarh,1,Tonnes,NR,Delicious,5200,5260,5230,Rs/Quintal
Nawabganj,200,Tonnes,NR,Golden,3200,NR,3250,Rs/Quintal
Noida,1.2,Tonnes,NR,Apple,3215,4523,3865,Rs/Quintal
,,,NR,Apple,2596,3845,3251,Rs/Quintal
Paliakala,1.2,Tonnes,NR,Kasmir/Shimla - II,6970,7030,7000,Rs/Quintal
Panchpedwa,1,Tonnes,NR,Delicious,5400,5500,5450,Rs/Quintal
Partaval,5,Tonnes,NR,Apple,5350,5400,5375,Rs/Quintal
Pilibhit,22,Tonnes,NR,Delicious,5170,5210,5190,Rs/Quintal
Pukhrayan,4,Tonnes,NR,Delicious,6550,6750,6650,Rs/Quintal
Puranpur,1.7,Tonnes,NR,Delicious,5170,5280,5220,Rs/Quintal
Raath,0.6,Tonnes,NR,Kasmir/Shimla - II,5700,6100,5850,Rs/Quintal
Raibareilly,1.5,Tonnes,NR,Kasmir/Shimla - II,4200,4450,4400,Rs/Quintal
Rampur,3.5,Tonnes,NR,Kasmir/Shimla - II,5250,5350,5300,Rs/Quintal
Ruperdeeha,3,Tonnes,NR,Apple,NR,4200,4000,Rs/Quintal
Rura,4.5,Tonnes,NR,Apple,4500,4650,4600,Rs/Quintal
Safdarganj,3,Tonnes,NR,Apple,5450,5550,5500,Rs/Quintal
Saharanpur,60,Tonnes,NR,Delicious,4700,5120,4900,Rs/Quintal
Sahiyapur,6,Tonnes,NR,Delicious,5025,5325,5165,Rs/Quintal
Shahabad(New Mandi),2.1,Tonnes,NR,Apple,7400,7600,7500,Rs/Quintal
Shahganj,1.5,Tonnes,NR,Apple,5660,5760,5700,Rs/Quintal
Shahjahanpur,15,Tonnes,NR,Apple,4450,5000,4500,Rs/Quintal
Sitapur,110,Tonnes,NR,Apple,4900,5500,5200,Rs/Quintal
Sultanpur,3.2,Tonnes,NR,Delicious,5120,5180,5160,Rs/Quintal
Tamkuhi Road,4,Tonnes,NR,Delicious,4000,4200,4100,Rs/Quintal
Tundla,1.6,Tonnes,NR,Delicious,5200,5380,5320,Rs/Quintal
Unnao,6.5,Tonnes,NR,Delicious,4000,4150,4100,Rs/Quintal
Vilaspur,0.78,Tonnes,NR,Delicious,5200,5300,5250,Rs/Quintal
Vishalpur,6.5,Tonnes,NR,Delicious,5175,5325,5250,Rs/Quintal
Uttrakhand,,,,,,,,
Dehradoon,63.7,Tonnes,NR,Apple,2500,4500,3000,Rs/Quintal
Haridwar Union,11.3,Tonnes,NR,Other,2000,2600,2400,Rs/Quintal
Kashipur,0.1,Tonnes,NR,Other,5400,5600,5500,Rs/Quintal
Roorkee,8,Tonnes,NR,Other,1800,3500,2500,Rs/Quintal
West Bengal,,,,,,,,
Mechua,217.5,Tonnes,NR,Apple,4500,5000,4800,Rs/Quintal
,,,NR,Apple,4000,4800,4500,Rs/Quintal
,,,NR,Apple,3500,4500,4200,Rs/Quintal
Banana,,,,,,,,
Andhra Pradesh,,,,,,,,
Ambajipeta,5.4,Tonnes,NR,Banana - Ripe,360,900,600,Rs/Quintal
Chattisgarh,,,,,,,,
Rajnandgaon,8.8,Tonnes,NR,Banana - Ripe,2000,2000,2000,Rs/Quintal
Goa,,,,,,,,
Mapusa,32.7,Tonnes,NR,Other,450,550,500,Rs/Quintal
Gujarat,,,,,,,,
"Ahmedabad(Fruit Market, Naroda)",6,Tonnes,NR,Other,1800,2200,2000,Rs/Quintal
Ahmedabad(Manekchowk),0.1,Tonnes,NR,Other,1800,2200,2000,Rs/Quintal
Gondal(Veg.market Gondal),1.7,Tonnes,NR,Banana - Ripe,1500,2000,1750,Rs/Quintal
Mehsana(Mehsana Veg),4.6,Tonnes,NR,Other,900,1100,1000,Rs/Quintal
Haryana,,,,,,,,
Ambala Cantt.,1,Tonnes,NR,Other,1500,2300,2000,Rs/Quintal
Asandh,1.7,Tonnes,NR,Other,3000,3400,3250,Rs/Quintal
Cheeka,2.1,Tonnes,NR,Other,2200,2200,2200,Rs/Quintal
Ganaur,0.4,Tonnes,NR,Banana - Ripe,2500,2500,2500,Rs/Quintal
Gurgaon,61,Tonnes,NR,Other,1600,2600,2100,Rs/Quintal
Iamailabad,0.05,Tonnes,NR,Other,2500,3250,3000,Rs/Quintal
kalanwali,0.5,Tonnes,NR,Other,2000,2000,2000,Rs/Quintal
Khanina,0.5,Tonnes,NR,Other,3000,3000,3000,Rs/Quintal
Ladwa,1.8,Tonnes,NR,Other,1800,2000,1800,Rs/Quintal
Meham,6,Tonnes,NR,Other,1000,1200,1100,Rs/Quintal
Mohindergarh,1.2,Tonnes,NR,Banana - Ripe,3000,3000,3000,Rs/Quintal
Narnaul,18,Tonnes,NR,Other,2000,2000,2000,Rs/Quintal
Narwana,0.4,Tonnes,NR,Other,1200,1200,1200,Rs/Quintal
Panipat,11,Tonnes,NR,Other,950,950,950,Rs/Quintal
Pataudi,0.5,Tonnes,NR,Other,2500,2500,2500,Rs/Quintal
Pehowa,0.2,Tonnes,NR,Other,1600,1600,1600,Rs/Quintal
Radaur,2,Tonnes,NR,Other,2500,2500,2500,Rs/Quintal
Ratia,0.5,Tonnes,NR,Other,3000,3000,3000,Rs/Quintal
Rewari,25,Tonnes,NR,Other,900,950,925,Rs/Quintal
Sadhaura,1,Tonnes,NR,Banana - Ripe,2000,2400,2200,Rs/Quintal
Sampla,2,Tonnes,NR,Other,1500,1500,1500,Rs/Quintal
Shahabad,1.8,Tonnes,NR,Banana - Ripe,2000,2200,2100,Rs/Quintal
Sonepat,5.5,Tonnes,NR,Other,2200,2500,2200,Rs/Quintal
Thanesar,18,Tonnes,NR,Other,1200,2000,1500,Rs/Quintal
Himachal Pradesh,,,,,,,,
Bhuntar,1.1,Tonnes,NR,Other,2400,2600,2500,Rs/Quintal
Bilaspur,1.2,Tonnes,NR,Other,2900,3100,2900,Rs/Quintal
,,,NR,Other,2300,3200,2900,Rs/Quintal
Chamba,0.17,Tonnes,NR,Other,2400,2600,2500,Rs/Quintal
Dhanotu (Mandi),1.9,Tonnes,NR,Other,2000,2600,2300,Rs/Quintal
Kangra,0.8,Tonnes,NR,Other,2500,3000,2750,Rs/Quintal
Kangra(Baijnath),0.4,Tonnes,NR,Banana - Ripe,2400,2600,2500,Rs/Quintal
Kangra(Jaisinghpur),0.05,Tonnes,NR,Banana - Ripe,2600,2800,2800,Rs/Quintal
Kangra(Jassour),4,Tonnes,NR,Other,2400,2600,2500,Rs/Quintal
Kullu,0.8,Tonnes,NR,Other,2200,2500,2300,Rs/Quintal
Nahan,0.23,Tonnes,NR,Other,1800,2500,2200,Rs/Quintal
Palampur,0.6,Tonnes,NR,Banana - Ripe,2600,2800,2700,Rs/Quintal
Solan,0.1,Tonnes,NR,Other,1700,2700,2400,Rs/Quintal
Jammu and Kashmir,,,,,,,,
Akhnoor,2,Tonnes,NR,Banana - Ripe,2500,3000,2750,Rs/Quintal
Batote,0.4,Tonnes,NR,Other,2400,2800,2600,Rs/Quintal
Narwal Jammu (F&V),72,Tonnes,NR,Other,2400,2600,2500,Rs/Quintal
Samba,2.5,Tonnes,NR,Banana - Ripe,2800,3000,2900,Rs/Quintal
Udhampur,5,Tonnes,NR,Banana - Ripe,2800,3000,2900,Rs/Quintal
Karnataka,,,,,,,,
"Binny Mill (F&V), Bangalore",185,Tonnes,NR,Elakki Bale,1000,3000,2000,Rs/Quintal
,,,NR,Nauti Bale,700,1500,1100,Rs/Quintal
,,,NR,Nendra Bale,1000,3200,2100,Rs/Quintal
,,,NR,Pachha Bale,600,1500,1050,Rs/Quintal
Channapatana,5,Tonnes,NR,Elakki Bale,1000,1900,1500,Rs/Quintal
,,,NR,Pachha Bale,700,1000,800,Rs/Quintal
Hospet,4,Tonnes,NR,Medium,700,700,700,Rs/Quintal
Mangalore,NR,Tonnes,NR,Elakki Bale,1600,2900,2200,Rs/Quintal
,,,NR,Nendra Bale,2100,2800,2400,Rs/Quintal
,,,NR,Other,1300,1700,1400,Rs/Quintal
,,,NR,Pachha Bale,1300,2000,1600,Rs/Quintal
Kerala,,,,,,,,
Aluva,5,Tonnes,NR,Palayamthodan,1700,3000,2400,Rs/Quintal
,,,NR,Poovan,2800,4000,3400,Rs/Quintal
Angamaly,0.5,Tonnes,NR,Palayamthodan,1800,2200,2000,Rs/Quintal
,,,NR,Poovan,3400,3800,3600,Rs/Quintal
Aroor,NR,Tonnes,NR,Nendra Bale,4200,4400,4300,Rs/Quintal
Athirampuzha,2,Tonnes,NR,Banana - Ripe,4000,4200,4100,Rs/Quintal
,,,NR,Palayamthodan,1500,1700,1600,Rs/Quintal
,,,NR,Poovan,2800,3000,2900,Rs/Quintal
,,,NR,Robusta,1400,1600,1500,Rs/Quintal
Chala,15,Tonnes,NR,Banana - Ripe,4900,4958,4920,Rs/Quintal
,,,NR,Palayamthodan,2000,2050,2023,Rs/Quintal
,,,NR,Poovan,3000,3054,3028,Rs/Quintal
,,,NR,Red Banana,4200,4257,4227,Rs/Quintal
,,,NR,Robusta,1900,1951,1921,Rs/Quintal
Chalakudy,2.7,Tonnes,NR,Nendra Bale,4900,5000,5000,Rs/Quintal
,,,NR,Poovan,3800,4000,3900,Rs/Quintal
Chathanoor,1.2,Tonnes,NR,Banana - Ripe,4000,4300,4200,Rs/Quintal
Ernakulam,4.5,Tonnes,NR,Palayamthodan,2200,2500,2500,Rs/Quintal
Ettumanoor,2.5,Tonnes,NR,Banana - Ripe,3600,3800,3800,Rs/Quintal
Harippad,1,Tonnes,NR,Nendra Bale,3500,5000,4000,Rs/Quintal
Irikkur,0.8,Tonnes,NR,Other,3600,3600,3600,Rs/Quintal
Irityy,1,Tonnes,NR,Nendra Bale,4000,4000,4000,Rs/Quintal
Kallachi,0.6,Tonnes,NR,Nendra Bale,4200,4600,4400,Rs/Quintal
,,,NR,Palayamthodan,2300,2700,2500,Rs/Quintal
,,,NR,Rasakathai,3200,3600,3400,Rs/Quintal
Kanjangadu,2,Tonnes,NR,Other,4400,5000,4500,Rs/Quintal
,,,NR,Other,4000,5000,4500,Rs/Quintal
Kanjirappally,1.2,Tonnes,NR,Banana - Ripe,4400,4800,4600,Rs/Quintal
Kattappana,2.4,Tonnes,NR,Nendra Bale,3600,3700,3700,Rs/Quintal
,,,NR,Nendra Bale,3800,4100,4000,Rs/Quintal
,,,NR,Nendra Bale,3600,3700,3700,Rs/Quintal
,,,NR,Palayamthodan,1900,2200,2100,Rs/Quintal
,,,NR,Palayamthodan,2100,2500,2400,Rs/Quintal
,,,NR,Palayamthodan,1900,2200,2100,Rs/Quintal
,,,NR,Poovan,2600,2700,2700,Rs/Quintal
,,,NR,Poovan,2700,3000,3000,Rs/Quintal
,,,NR,Poovan,2700,2800,2800,Rs/Quintal
,,,NR,Robusta,1000,1200,1200,Rs/Quintal
,,,NR,Robusta,1200,1600,1500,Rs/Quintal
,,,NR,Robusta,1000,1300,1200,Rs/Quintal
Kayamkulam,5,Tonnes,NR,Nendra Bale,4100,4300,4200,Rs/Quintal
,,,NR,Palayamthodan,2100,2300,2200,Rs/Quintal
Koduvayoor,8,Tonnes,NR,Nendra Bale,4000,4400,4200,Rs/Quintal
,,,NR,Palayamthodan,1800,2400,2000,Rs/Quintal
,,,NR,Poovan,2600,3000,2800,Rs/Quintal
Kollam,2.5,Tonnes,NR,Banana - Ripe,4600,4800,4700,Rs/Quintal
,,,NR,Other,3600,4000,3800,Rs/Quintal
,,,NR,Palayamthodan,1600,2000,1800,Rs/Quintal
,,,NR,Poovan,4100,4500,4300,Rs/Quintal
Koovapadi,12.46,Tonnes,NR,Nendra Bale,4000,4200,4100,Rs/Quintal
,,,NR,Nendra Bale,3600,3800,3700,Rs/Quintal
,,,NR,Nendra Bale,3300,3500,3400,Rs/Quintal
,,,NR,Other,3300,3500,3400,Rs/Quintal
,,,NR,Other,3000,3200,3100,Rs/Quintal
,,,NR,Other,2500,2800,2700,Rs/Quintal
,,,NR,Palayamthodan,2000,2200,2100,Rs/Quintal
,,,NR,Palayamthodan,1600,1800,1700,Rs/Quintal
,,,NR,Palayamthodan,1300,1500,1400,Rs/Quintal
,,,NR,Poovan,3300,3500,3400,Rs/Quintal
,,,NR,Poovan,3000,3200,3100,Rs/Quintal
,,,NR,Poovan,2600,2800,2700,Rs/Quintal
,,,NR,Robusta,1600,1800,1700,Rs/Quintal
,,,NR,Robusta,1300,1500,1400,Rs/Quintal
,,,NR,Robusta,1000,1200,1100,Rs/Quintal
Kothamangalam,5,Tonnes,NR,Palayamthodan,2000,2500,2200,Rs/Quintal
,,,NR,Poovan,3000,3500,3200,Rs/Quintal
Kottakkal,2,Tonnes,NR,Palayamthodan,2600,2700,2650,Rs/Quintal
Kottayam,10,Tonnes,NR,Banana - Ripe,4300,4600,4500,Rs/Quintal
,,,NR,Palayamthodan,1300,1600,1500,Rs/Quintal
,,,NR,Poovan,2800,3100,3000,Rs/Quintal
Kuruppanthura,1,Tonnes,NR,Palayamthodan,1800,2600,2200,Rs/Quintal
Kuthuparambu,2.8,Tonnes,NR,Other,3600,4400,4000,Rs/Quintal
Kuttoor,3.2,Tonnes,NR,Nendra Bale,3500,3800,3700,Rs/Quintal
,,,NR,Palayamthodan,1600,1800,1700,Rs/Quintal
Madhavapuram,4.5,Tonnes,NR,Nendra Bale,5000,5400,5200,Rs/Quintal
,,,NR,Palayamthodan,2200,2500,2400,Rs/Quintal
,,,NR,Poovan,3800,4400,4200,Rs/Quintal
,,,NR,Red Banana,3600,4200,3800,Rs/Quintal
,,,NR,Robusta,1800,2300,2100,Rs/Quintal
Manjeri,5,Tonnes,NR,Other,3800,3900,3850,Rs/Quintal
Moovattupuzha,54,Tonnes,NR,Other,4000,4300,4150,Rs/Quintal
,,,NR,Palayamthodan,2100,2350,2250,Rs/Quintal
,,,NR,Poovan,2600,2900,2750,Rs/Quintal
Mukkom,5,Tonnes,NR,Other,3600,4000,3800,Rs/Quintal
Neeleswaram,0.8,Tonnes,NR,Other,5000,5400,5200,Rs/Quintal
Omalloor,0.02,Tonnes,NR,Nendra Bale,3900,4000,4000,Rs/Quintal
,,,NR,Palayamthodan,1200,1300,1300,Rs/Quintal
,,,NR,Robusta,1200,1300,1300,Rs/Quintal
Pala,3,Tonnes,NR,Banana - Ripe,4100,4600,4300,Rs/Quintal
Palakkad,5,Tonnes,NR,Nendra Bale,4400,5400,5000,Rs/Quintal
,,,NR,Palayamthodan,2500,3500,3100,Rs/Quintal
,,,NR,Poovan,3900,5000,4500,Rs/Quintal
Pampady,10,Tonnes,NR,Banana - Ripe,4000,4400,4200,Rs/Quintal
,,,NR,Palayamthodan,1500,1800,1700,Rs/Quintal
,,,NR,Robusta,1500,1900,1800,Rs/Quintal
Pandalam,0.6,Tonnes,NR,Nendra Bale,4500,5000,4500,Rs/Quintal
,,,NR,Palayamthodan,2500,3000,2500,Rs/Quintal
Parappanangadi,8,Tonnes,NR,Nendra Bale,4100,4500,4250,Rs/Quintal
,,,NR,Palayamthodan,1500,1850,1650,Rs/Quintal
,,,NR,Robusta,1000,1650,1500,Rs/Quintal
Pattambi,4,Tonnes,NR,Nendra Bale,3800,5000,4800,Rs/Quintal
,,,NR,Palayamthodan,2200,3000,2800,Rs/Quintal
Payyannur,30,Tonnes,NR,Other,3500,3700,3600,Rs/Quintal
,,,NR,Other,3800,4000,3900,Rs/Quintal
,,,NR,Other,4100,4300,4200,Rs/Quintal
Perinthalmanna,2.9,Tonnes,NR,Other,3200,3800,3500,Rs/Quintal
Perumbavoor,10,Tonnes,NR,Other,3500,4500,4000,Rs/Quintal
,,,NR,Palayamthodan,2000,3000,2500,Rs/Quintal
Pulpally,2,Tonnes,NR,Other,2200,2400,2300,Rs/Quintal
Thalasserry,27.32,Tonnes,NR,Other,4030,4100,4050,Rs/Quintal
,,,NR,Other,3080,3200,3100,Rs/Quintal
Thalayolaparambu,0.8,Tonnes,NR,Banana - Ripe,3700,4100,3900,Rs/Quintal
,,,NR,Palayamthodan,1800,2300,2000,Rs/Quintal
,,,NR,Poovan,3000,3500,3300,Rs/Quintal
,,,NR,Robusta,1600,2000,1900,Rs/Quintal
Thirurrangadi,10,Tonnes,NR,Nendra Bale,4000,4200,4150,Rs/Quintal
,,,NR,Palayamthodan,1500,1750,1650,Rs/Quintal
,,,NR,Robusta,1000,1250,1100,Rs/Quintal
Thodupuzha,10,Tonnes,NR,Nendra Bale,3600,3800,3800,Rs/Quintal
,,,NR,Other,3400,3500,3500,Rs/Quintal
,,,NR,Palayamthodan,1600,1800,1800,Rs/Quintal
,,,NR,Poovan,2600,2800,2800,Rs/Quintal
,,,NR,Robusta,1500,1700,1700,Rs/Quintal
Thrippunithura,3,Tonnes,NR,Palayamthodan,2200,2800,2400,Rs/Quintal
,,,NR,Poovan,3200,4000,3600,Rs/Quintal
Vadakkenchery,0.6,Tonnes,NR,Nendra Bale,3800,4400,4100,Rs/Quintal
,,,NR,Palayamthodan,2000,2500,2250,Rs/Quintal
,,,NR,Poovan,3200,3600,3400,Rs/Quintal
Vandiperiyar,4,Tonnes,NR,Nendra Bale,4200,4200,4200,Rs/Quintal
,,,NR,Other,3500,3500,3500,Rs/Quintal
,,,NR,Palayamthodan,2200,2200,2200,Rs/Quintal
,,,NR,Robusta,1500,1500,1500,Rs/Quintal
Madhya Pradesh,,,,,,,,
Bhopal(F&V),4,Tonnes,NR,Other,800,1200,1000,Rs/Quintal
Burhanpur(F&V),200,Tonnes,NR,Khandesh,451,1103,621,Rs/Quintal
Dhar(F&V),2,Tonnes,NR,Other,1200,2000,1600,Rs/Quintal
Guna(F&V),0.4,Tonnes,NR,Other,1200,1300,1200,Rs/Quintal
Maharashtra,,,,,,,,
Chandrapur(Ganjwad),6,Tonnes,NR,Other,700,1400,1000,Rs/Quintal
Jalgaon,1,Tonnes,NR,Khandesh,275,580,385,Rs/Quintal
Karad,3,Tonnes,NR,Other,700,1000,1000,Rs/Quintal
Nagpur,1,Tonnes,NR,Khandesh,450,550,525,Rs/Quintal
Pandharpur,14,Tonnes,NR,Other,800,946,881,Rs/Quintal
Yawal,120,Tonnes,NR,Other,500,984,820,Rs/Quintal
NCT of Delhi,,,,,,,,
Azadpur,15.1,Tonnes,NR,Khandesh,700,1100,917,Rs/Quintal
Odisha,,,,,,,,
Angaura,2.5,Tonnes,NR,Banana - Ripe,2500,3500,3000,Rs/Quintal
Pallahara,3.4,Tonnes,NR,Other,2500,3000,2800,Rs/Quintal
Punjab,,,,,,,,
Adampur,0.3,Tonnes,NR,Other,2000,2300,2300,Rs/Quintal
Balachaur,0.8,Tonnes,NR,Other,2800,2900,2850,Rs/Quintal
Bariwala,0.05,Tonnes,NR,Other,1700,1850,1800,Rs/Quintal
Bassi Pathana,0.1,Tonnes,NR,Medium,3000,3000,3000,Rs/Quintal
Bathinda,7.1,Tonnes,NR,Other,1100,1200,1150,Rs/Quintal
Bhagta Bhai Ka,0.1,Tonnes,NR,Other,3200,3500,3450,Rs/Quintal
Budalada,1.5,Tonnes,NR,Other,1600,1800,1700,Rs/Quintal
Chamkaur Sahib,0.1,Tonnes,NR,Other,1700,1730,1720,Rs/Quintal
Dinanagar,1,Tonnes,NR,Medium,2000,2200,2100,Rs/Quintal
Dudhansadhan,0.3,Tonnes,NR,Other,2300,2700,2500,Rs/Quintal
Fazilka,4.5,Tonnes,NR,Other,1100,1300,1200,Rs/Quintal
Firozepur City,0.6,Tonnes,NR,Other,1200,2200,1700,Rs/Quintal
Jalalabad,10,Tonnes,NR,Other,1800,2000,1900,Rs/Quintal
Jalandhar City(Jalandhar),46,Tonnes,NR,Other,800,1300,1000,Rs/Quintal
Kurali,0.8,Tonnes,NR,Other,1500,1720,1580,Rs/Quintal
Malout,1,Tonnes,NR,Banana - Ripe,1800,2200,2000,Rs/Quintal
Mansa,1.1,Tonnes,NR,Banana - Ripe,1300,1800,1600,Rs/Quintal
Mukerian,0.35,Tonnes,NR,Other,1900,2600,2300,Rs/Quintal
Mukerian(Talwara),0.22,Tonnes,NR,Other,2500,3200,2800,Rs/Quintal
Nabha,12,Tonnes,NR,Other,800,800,800,Rs/Quintal
Patti,8,Tonnes,NR,Other,1500,2000,1800,Rs/Quintal
Rajpura,1.5,Tonnes,NR,Other,1500,2000,1750,Rs/Quintal
Sunam,1.5,Tonnes,NR,Other,1100,1400,1400,Rs/Quintal
Zira,1.2,Tonnes,NR,Banana - Ripe,1800,2200,2000,Rs/Quintal
Rajasthan,,,,,,,,
Alwar(FV),28.4,Tonnes,NR,Other,1500,1700,1600,Rs/Quintal
Chittorgarh,1.5,Tonnes,NR,Other,1400,1500,1450,Rs/Quintal
Jaipur(F&V),177,Tonnes,NR,Other,1500,2000,1750,Rs/Quintal
Sriganganagar(F&V),7,Tonnes,NR,Other,2000,2000,2000,Rs/Quintal
Udaipur(F&V),10,Tonnes,NR,Other,500,1200,850,Rs/Quintal
Tripura,,,,,,,,
Bachaibari,0.05,Tonnes,NR,Champa,890,1010,1000,Rs/Quintal
Melaghar,0.5,Tonnes,NR,Banana - Ripe,1000,1200,1100,Rs/Quintal
,,,NR,Banana - Ripe,700,900,800,Rs/Quintal
Pabiacherra,0.4,Tonnes,NR,Champa,1200,1250,1225,Rs/Quintal
Uttar Pradesh,,,,,,,,
Achalda,1.2,Tonnes,NR,Banana - Ripe,1000,1060,1050,Rs/Quintal
Achnera,3.2,Tonnes,NR,Banana - Ripe,1500,1600,1550,Rs/Quintal
Aligarh,90,Tonnes,NR,Banana - Ripe,2000,2100,2050,Rs/Quintal
Amroha,1.2,Tonnes,NR,Medium,600,650,650,Rs/Quintal
Auraiya,1,Tonnes,NR,Banana - Ripe,2200,2400,2300,Rs/Quintal
Bahraich,225.4,Tonnes,NR,Banana - Ripe,950,1050,1030,Rs/Quintal
Ballia,50,Tonnes,NR,Medium,900,1000,940,Rs/Quintal
Bangarmau,1,Tonnes,NR,Medium,1500,1600,1550,Rs/Quintal
Barabanki,12,Tonnes,NR,Banana - Ripe,2120,2250,2190,Rs/Quintal
Bareilly,12,Tonnes,NR,Banana - Ripe,1925,2050,2000,Rs/Quintal
Bewar,0.6,Tonnes,NR,Banana - Ripe,1500,1780,1600,Rs/Quintal
Bharthna,1.6,Tonnes,NR,Banana - Ripe,2020,2420,2220,Rs/Quintal
Bijnaur,4,Tonnes,NR,Banana - Ripe,2020,2120,2070,Rs/Quintal
Charra,1.8,Tonnes,NR,Banana - Ripe,2020,2120,2070,Rs/Quintal
Chhibramau(Kannuj),4,Tonnes,NR,Banana - Ripe,2300,2450,2400,Rs/Quintal
Chitwadagaon,7,Tonnes,NR,Banana - Ripe,1300,1400,1350,Rs/Quintal
Devband,4,Tonnes,NR,Amruthapani,700,900,800,Rs/Quintal
Dhanura,1,Tonnes,NR,Medium,900,1000,900,Rs/Quintal
Divai,0.6,Tonnes,NR,Banana - Ripe,1180,1200,1190,Rs/Quintal
Etawah,20,Tonnes,NR,Banana - Ripe,1900,2350,2150,Rs/Quintal
Farukhabad,7,Tonnes,NR,Banana - Ripe,2000,2150,2100,Rs/Quintal
Fatehabad,14,Tonnes,NR,Banana - Ripe,1000,1100,1050,Rs/Quintal
Fatehpur,5,Tonnes,NR,Amruthapani,1700,1800,1750,Rs/Quintal
Fatehpur Sikri,5,Tonnes,NR,Banana - Ripe,1800,1850,1820,Rs/Quintal
Firozabad,5,Tonnes,NR,Banana - Ripe,600,800,700,Rs/Quintal
Gangoh,1,Tonnes,NR,Medium,1240,1270,1260,Rs/Quintal
Ghiraur,14,Tonnes,NR,Banana - Ripe,1750,1950,1850,Rs/Quintal
Haathras,2.2,Tonnes,NR,Banana - Ripe,1300,1450,1400,Rs/Quintal
Hardoi,9,Tonnes,NR,Amruthapani,1310,1330,1320,Rs/Quintal
Hargaon (Laharpur),6,Tonnes,NR,Desi(Bontha),500,600,550,Rs/Quintal
Hasanpur,0.3,Tonnes,NR,Banana - Ripe,800,900,850,Rs/Quintal
Jagnair,4,Tonnes,NR,Banana - Ripe,1500,1600,1550,Rs/Quintal
Jarar,0.5,Tonnes,NR,Other,900,1000,950,Rs/Quintal
Jhansi,16.5,Tonnes,NR,Banana - Ripe,1300,1450,1390,Rs/Quintal
Jhijhank,3,Tonnes,NR,Amruthapani,1000,1100,1050,Rs/Quintal
Karvi,5.5,Tonnes,NR,Banana - Ripe,1745,1825,1790,Rs/Quintal
Kasganj,3,Tonnes,NR,Banana - Ripe,2000,2200,2140,Rs/Quintal
Kayamganj,10,Tonnes,NR,Banana - Ripe,2550,2650,2600,Rs/Quintal
Khairagarh,8,Tonnes,NR,Banana - Ripe,1500,1600,1550,Rs/Quintal
Konch,20,Tonnes,NR,Banana - Ripe,1800,2050,1900,Rs/Quintal
Lakhimpur,150,Tonnes,NR,Banana - Ripe,1750,1850,1800,Rs/Quintal
Lucknow,100,Tonnes,NR,Banana - Ripe,1650,1900,1750,Rs/Quintal
Mainpuri,20,Tonnes,NR,Banana - Ripe,1600,1700,1650,Rs/Quintal
Mathura,80,Tonnes,NR,Banana - Ripe,2100,2300,2200,Rs/Quintal
Mauranipur,11,Tonnes,NR,Medium,1700,1800,1750,Rs/Quintal
Mugrabaadshahpur,4.5,Tonnes,NR,Desi(Bontha),1080,1130,1100,Rs/Quintal
Muradabad,11,Tonnes,NR,Medium,800,900,850,Rs/Quintal
Naanpara,5,Tonnes,NR,Banana - Ripe,1500,1650,1600,Rs/Quintal
Paliakala,2.2,Tonnes,NR,Banana - Ripe,1760,1850,1790,Rs/Quintal
Pilibhit,49.5,Tonnes,NR,Banana - Ripe,920,960,940,Rs/Quintal
Pukhrayan,5,Tonnes,NR,Banana - Ripe,2120,2320,2220,Rs/Quintal
Puranpur,3.4,Tonnes,NR,Banana - Ripe,2000,2100,2050,Rs/Quintal
Raath,1.2,Tonnes,NR,Banana - Ripe,1800,2000,1900,Rs/Quintal
Rampur,30,Tonnes,NR,Desi(Bontha),1120,1200,1160,Rs/Quintal
Rasda,12,Tonnes,NR,Banana - Ripe,1000,1200,1100,Rs/Quintal
Ruperdeeha,4,Tonnes,NR,Banana - Ripe,NR,900,800,Rs/Quintal
Rura,6,Tonnes,NR,Banana - Ripe,2200,2600,2400,Rs/Quintal
Safdarganj,3.6,Tonnes,NR,Banana - Ripe,2000,2100,2050,Rs/Quintal
Shahabad(New Mandi),4.2,Tonnes,NR,Banana - Ripe,920,1020,980,Rs/Quintal
Shahjahanpur,32.5,Tonnes,NR,Medium,1700,1800,1755,Rs/Quintal
Shahpur,0.8,Tonnes,NR,Medium,NR,NR,860,Rs/Quintal
Sitapur,225,Tonnes,NR,Banana - Ripe,1650,1850,1750,Rs/Quintal
Tundla,2.5,Tonnes,NR,Banana - Ripe,2400,2500,2420,Rs/Quintal
Unnao,7.5,Tonnes,NR,Medium,1450,1600,1500,Rs/Quintal
Vilthararoad,10,Tonnes,NR,Medium,1500,1600,1550,Rs/Quintal
Vishalpur,7,Tonnes,NR,Banana - Ripe,2000,2125,2050,Rs/Quintal
Uttrakhand,,,,,,,,
Dehradoon,22.5,Tonnes,NR,Other,600,800,700,Rs/Quintal
Manglaur,1.2,Tonnes,NR,Other,600,800,700,Rs/Quintal
Rishikesh,5.7,Tonnes,NR,Other,915,1260,1050,Rs/Quintal
Sitarganj,0.4,Tonnes,NR,Other,700,900,800,Rs/Quintal
West Bengal,,,,,,,,
Mechua,128,Tonnes,NR,Other,2500,3000,2800,Rs/Quintal
,,,NR,Other,2000,2700,2400,Rs/Quintal
,,,NR,Other,1500,2500,2100,Rs/Quintal
Siliguri,21,Tonnes,NR,Other,1800,2200,2000,Rs/Quintal
,,,NR,Other,1600,2000,1800,Rs/Quintal
,,,NR,Other,1400,1800,1600,Rs/Quintal
Ber(Zizyphus/Borehannu),,,,,,,,
Gujarat,,,,,,,,
Gondal(Veg.market Gondal),1.62,Tonnes,NR,Ber(Zizyphus),1000,2500,1750,Rs/Quintal
Haryana,,,,,,,,
Cheeka,0.01,Tonnes,NR,Other,4000,4000,4000,Rs/Quintal
Mohindergarh,0.5,Tonnes,NR,Ber(Zizyphus),1500,1500,1500,Rs/Quintal
Shahabad,0.1,Tonnes,NR,Ber(Zizyphus),3000,3000,3000,Rs/Quintal
Himachal Pradesh,,,,,,,,
Kangra,0.15,Tonnes,NR,Other,3000,4000,3500,Rs/Quintal
Kangra(Baijnath),0.05,Tonnes,NR,Ber(Zizyphus),3500,4000,3500,Rs/Quintal
Palampur,0.01,Tonnes,NR,Other,4000,4500,4500,Rs/Quintal
Madhya Pradesh,,,,,,,,
Ujjain(F&V),0.5,Tonnes,NR,Ber(Zizyphus),900,1100,900,Rs/Quintal
Uttar Pradesh,,,,,,,,
Faizabad,1.2,Tonnes,NR,Ber(Zizyphus),1500,1800,1650,Rs/Quintal
Borehannu,,,,,,,,
Karnataka,,,,,,,,
"Binny Mill (F&V), Bangalore",26,Tonnes,NR,Borehannu,600,800,700,Rs/Quintal
Chikoos(Sapota),,,,,,,,
Chattisgarh,,,,,,,,
Durg,29,Tonnes,NR,Other,4000,5000,4500,Rs/Quintal
Gujarat,,,,,,,,
"Ahmedabad(Fruit Market, Naroda)",14.3,Tonnes,NR,Other,2500,3600,3100,Rs/Quintal
Ahmedabad(Manekchowk),0.1,Tonnes,NR,Other,2500,3600,3100,Rs/Quintal
Bharuch,1.04,Tonnes,NR,Other,1300,1700,1500,Rs/Quintal
Chikhali,98,Tonnes,NR,Other,1380,3225,2302,Rs/Quintal
,,,NR,Other,300,1020,660,Rs/Quintal
Vadodara(Navapura),20,Tonnes,NR,Other,4000,6000,5000,Rs/Quintal
Valsad,1.05,Tonnes,NR,Other,1100,1500,1300,Rs/Quintal
Haryana,,,,,,,,
Barwala(Hisar),2,Tonnes,NR,Other,3000,3000,3000,Rs/Quintal
Khanina,0.2,Tonnes,NR,Other,5000,5000,5000,Rs/Quintal
Ladwa,0.2,Tonnes,NR,Sapota,3500,4000,3500,Rs/Quintal
Shahabad,0.4,Tonnes,NR,Sapota,3000,4500,3500,Rs/Quintal
Sirsa,0.4,Tonnes,NR,Other,2400,2400,2400,Rs/Quintal
Thanesar,30,Tonnes,NR,Other,2500,4000,3000,Rs/Quintal
Uklana,0.2,Tonnes,NR,Other,3200,3200,3200,Rs/Quintal
Himachal Pradesh,,,,,,,,
Kangra,0.2,Tonnes,NR,Sapota,4000,4500,4250,Rs/Quintal
Palampur,0.1,Tonnes,NR,Other,4500,5000,5000,Rs/Quintal
Karnataka,,,,,,,,
"Binny Mill (F&V), Bangalore",4,Tonnes,NR,Sapota,1000,2500,1800,Rs/Quintal
Kerala,,,,,,,,
Manjeri,2,Tonnes,NR,Other,2400,2500,2450,Rs/Quintal
Madhya Pradesh,,,,,,,,
Bhopal(F&V),20,Tonnes,NR,Other,600,1000,800,Rs/Quintal
Ujjain(F&V),0.16,Tonnes,NR,Sapota,2000,2500,2000,Rs/Quintal
Maharashtra,,,,,,,,
Amrawati(Frui & Veg. Market),1,Tonnes,NR,Other,1500,2000,1750,Rs/Quintal
Chandrapur(Ganjwad),11,Tonnes,NR,Other,2200,3000,2600,Rs/Quintal
Fruit Market,88,Tonnes,NR,Other,2700,3700,3200,Rs/Quintal
Kalyan,NR,Tonnes,NR,Other,1000,3000,2000,Rs/Quintal
Karad,1,Tonnes,NR,Other,1500,2000,2000,Rs/Quintal
Nagpur,40,Tonnes,NR,Other,1500,2500,2250,Rs/Quintal
Nasik,3,Tonnes,NR,Other,900,1800,1350,Rs/Quintal
Pune,7,Tonnes,NR,Other,1000,3000,2000,Rs/Quintal
Rahuri,1,Tonnes,NR,Other,1100,3500,2695,Rs/Quintal
Solapur,2,Tonnes,NR,Other,1000,3000,2000,Rs/Quintal
NCT of Delhi,,,,,,,,
Azadpur,208.4,Tonnes,NR,Sapota,1600,3100,2300,Rs/Quintal
Punjab,,,,,,,,
Malout,0.8,Tonnes,NR,Sapota,2800,3200,3000,Rs/Quintal
Sirhind,0.2,Tonnes,NR,Other,2800,3600,3000,Rs/Quintal
Rajasthan,,,,,,,,
Sriganganagar(F&V),6,Tonnes,NR,Other,2300,2300,2300,Rs/Quintal
Udaipur(F&V),6.7,Tonnes,NR,Other,800,2000,1400,Rs/Quintal
Uttar Pradesh,,,,,,,,
Baraut,0.2,Tonnes,NR,Sapota,1900,2100,2000,Rs/Quintal
Farukhabad,3,Tonnes,NR,Sapota,2500,2650,2600,Rs/Quintal
Haathras,2.5,Tonnes,NR,Sapota,2000,2200,2100,Rs/Quintal
Mainpuri,3,Tonnes,NR,Sapota,2200,2350,2300,Rs/Quintal
Uttrakhand,,,,,,,,
Kashipur,0.5,Tonnes,NR,Other,1500,1600,1550,Rs/Quintal
Grapes,,,,,,,,
Gujarat,,,,,,,,
"Ahmedabad(Fruit Market, Naroda)",27.8,Tonnes,NR,Other,6000,8500,7300,Rs/Quintal
Ahmedabad(Manekchowk),0.1,Tonnes,NR,Other,6000,8500,7300,Rs/Quintal
Bharuch,0.76,Tonnes,NR,Other,5000,6500,6000,Rs/Quintal
Haryana,,,,,,,,
Barwala(Hisar),1,Tonnes,NR,Other,10000,10000,10000,Rs/Quintal
Cheeka,0.01,Tonnes,NR,Other,2500,2500,2500,Rs/Quintal
Hissar,1.1,Tonnes,NR,Other,8000,8000,8000,Rs/Quintal
Ladwa,0.3,Tonnes,NR,Green,7000,8000,7200,Rs/Quintal
Mohindergarh,1.1,Tonnes,NR,Black,4000,6000,6000,Rs/Quintal
Naraingarh,0.25,Tonnes,NR,Green,4000,5000,4500,Rs/Quintal
Ratia,0.2,Tonnes,NR,Other,8000,8400,8200,Rs/Quintal
Sampla,0.1,Tonnes,NR,Other,7000,7000,7000,Rs/Quintal
Shahabad,0.2,Tonnes,NR,Green,5355,8000,6000,Rs/Quintal
Sirsa,1,Tonnes,NR,Other,6500,9000,8000,Rs/Quintal
Sonepat,0.6,Tonnes,NR,Other,6000,7000,6000,Rs/Quintal
Thanesar,0.8,Tonnes,NR,Other,4000,8000,6000,Rs/Quintal
Uklana,0.1,Tonnes,NR,Other,8000,8000,8000,Rs/Quintal
Himachal Pradesh,,,,,,,,
Bhuntar,0.2,Tonnes,NR,Other,11000,14000,12500,Rs/Quintal
Kangra,0.2,Tonnes,NR,Other,7000,9000,8000,Rs/Quintal
Kangra(Jassour),0.04,Tonnes,NR,Other,4000,4500,4250,Rs/Quintal
Kullu,0.2,Tonnes,NR,Other,11000,12000,11500,Rs/Quintal
Palampur,0.05,Tonnes,NR,Other,12000,12000,12000,Rs/Quintal
Karnataka,,,,,,,,
"Binny Mill (F&V), Bangalore",18,Tonnes,NR,Black,1500,2500,2000,Rs/Quintal
,,,NR,White,2500,3500,3000,Rs/Quintal
Kerala,,,,,,,,
Chala,2,Tonnes,NR,Black,5000,5150,5050,Rs/Quintal
,,,NR,Green,11000,11150,11050,Rs/Quintal
Kottakkal,0.9,Tonnes,NR,Black,4300,4400,4350,Rs/Quintal
,,,NR,Green,5340,5450,5400,Rs/Quintal
Manjeri,5,Tonnes,NR,Other,3600,3700,3650,Rs/Quintal
Mukkom,0.7,Tonnes,NR,Other,6000,7000,6500,Rs/Quintal
Perinthalmanna,2.4,Tonnes,NR,Black,4800,5200,5000,Rs/Quintal
Thodupuzha,0.5,Tonnes,NR,Black,3200,3300,3300,Rs/Quintal
,,,NR,Green,3600,3700,3700,Rs/Quintal
,,,NR,Other,5000,5200,5200,Rs/Quintal
Madhya Pradesh,,,,,,,,
Indore(F&V),1,Tonnes,NR,Green,2000,6000,4000,Rs/Quintal
Ujjain(F&V),0.05,Tonnes,NR,Green,4800,4800,4800,Rs/Quintal
Maharashtra,,,,,,,,
Amrawati(Frui & Veg. Market),11,Tonnes,NR,Other,5000,6000,5500,Rs/Quintal
Chandrapur(Ganjwad),2,Tonnes,NR,Other,9000,10000,9500,Rs/Quintal
Kalyan,NR,Tonnes,NR,Other,3000,4000,3500,Rs/Quintal
Nagpur,12,Tonnes,NR,Other,3500,5500,5000,Rs/Quintal
Pune,4,Tonnes,NR,Other,2500,16500,10000,Rs/Quintal
Solapur,115,Tonnes,NR,Other,100,100,100,Rs/Quintal
NCT of Delhi,,,,,,,,
Azadpur,152,Tonnes,NR,Black,6000,12000,8725,Rs/Quintal
,,,NR,Green,1500,7000,5125,Rs/Quintal
Punjab,,,,,,,,
Batala,0.2,Tonnes,NR,Other,7000,8000,7500,Rs/Quintal
Dasuya,0.2,Tonnes,NR,Other,4000,4500,4500,Rs/Quintal
,,,NR,Other,2500,3000,3000,Rs/Quintal
Jalandhar City(Jalandhar),5.6,Tonnes,NR,Other,4500,7000,5800,Rs/Quintal
Nabha,1,Tonnes,NR,Other,5500,8000,6300,Rs/Quintal
Nawan Shahar(Subzi Mandi),0.04,Tonnes,NR,Other,8000,10000,9000,Rs/Quintal
Phagwara,1,Tonnes,NR,Other,5500,13000,9250,Rs/Quintal
Sunam,0.4,Tonnes,NR,Other,4000,6000,5000,Rs/Quintal
Rajasthan,,,,,,,,
Sriganganagar(F&V),0.5,Tonnes,NR,Green,7000,7000,7000,Rs/Quintal
Telangana,,,,,,,,
Gaddiannaram,11.3,Tonnes,NR,Black,1571,5714,2429,Rs/Quintal
Guava,,,,,,,,
Gujarat,,,,,,,,
"Ahmedabad(Fruit Market, Naroda)",7.1,Tonnes,NR,Other,3000,5500,4300,Rs/Quintal
Ahmedabad(Manekchowk),0.1,Tonnes,NR,Other,3000,5500,4300,Rs/Quintal
Ankleshwar,0.55,Tonnes,NR,Guava,2225,3125,2900,Rs/Quintal
Gondal(Veg.market Gondal),4.88,Tonnes,NR,Guava,1000,3500,2250,Rs/Quintal
Haryana,,,,,,,,
Barwala(Hisar),6,Tonnes,NR,Other,2200,2300,2300,Rs/Quintal
Cheeka,0.02,Tonnes,NR,Guava,4000,4000,4000,Rs/Quintal
Faridabad,5,Tonnes,NR,Guava Alahabad,2000,3000,2500,Rs/Quintal
Ganaur,0.2,Tonnes,NR,Other,6000,6800,6200,Rs/Quintal
Gurgaon,4.6,Tonnes,NR,Other,1500,3000,2250,Rs/Quintal
Hissar,2.4,Tonnes,NR,Other,1400,2300,1900,Rs/Quintal
Ladwa,0.2,Tonnes,NR,Guava,3500,4000,3500,Rs/Quintal
Mohindergarh,1.6,Tonnes,NR,Guava,1500,2500,2000,Rs/Quintal
Naraingarh,0.87,Tonnes,NR,Guava,3400,7500,4000,Rs/Quintal
Narnaul,0.6,Tonnes,NR,Other,2000,2500,2500,Rs/Quintal
Radaur,3,Tonnes,NR,Other,1800,2700,2000,Rs/Quintal
Shahabad,1.3,Tonnes,NR,Guava,3000,4000,3500,Rs/Quintal
Sonepat,3.2,Tonnes,NR,Other,4000,4500,4000,Rs/Quintal
Thanesar,1.5,Tonnes,NR,Other,1500,4000,2500,Rs/Quintal
Uklana,0.4,Tonnes,NR,Guava,1600,1600,1600,Rs/Quintal
Himachal Pradesh,,,,,,,,
Bhuntar,0.3,Tonnes,NR,Other,4700,4800,4750,Rs/Quintal
Dhanotu (Mandi),0.2,Tonnes,NR,Guava,3000,3500,3250,Rs/Quintal
Hamirpur,0.56,Tonnes,NR,Other,3500,4000,3800,Rs/Quintal
Hamirpur(Nadaun),0.2,Tonnes,NR,Other,3500,4000,3800,Rs/Quintal
Kangra,0.2,Tonnes,NR,Other,4000,5000,4500,Rs/Quintal
Kangra(Baijnath),0.4,Tonnes,NR,Other,4000,5000,4000,Rs/Quintal
Kangra(Jaisinghpur),0.3,Tonnes,NR,Guava,5000,5000,5000,Rs/Quintal
Kangra(Jassour),0.4,Tonnes,NR,Other,3000,3500,3250,Rs/Quintal
Kullu,0.5,Tonnes,NR,Other,5000,5500,5200,Rs/Quintal
Palampur,0.2,Tonnes,NR,Other,4000,5000,4500,Rs/Quintal
Solan,0.1,Tonnes,NR,Other,2000,4000,3000,Rs/Quintal
Kerala,,,,,,,,
Perinthalmanna,2.8,Tonnes,NR,Guava,4600,5400,5000,Rs/Quintal
Madhya Pradesh,,,,,,,,
Guna(F&V),0.2,Tonnes,NR,Guava,1100,1100,1100,Rs/Quintal
Syopurkalan(F&V),0.4,Tonnes,NR,Other,1000,1100,1050,Rs/Quintal
Maharashtra,,,,,,,,
Aurangabad,2,Tonnes,NR,Other,1000,1800,1400,Rs/Quintal
Fruit Market,23,Tonnes,NR,Other,1500,4500,3000,Rs/Quintal
Jalgaon,NR,Tonnes,NR,Other,1200,1200,1200,Rs/Quintal
Nasik,1,Tonnes,NR,Other,1750,2750,2500,Rs/Quintal
Pune,21,Tonnes,NR,Other,3000,5000,4000,Rs/Quintal
Rahuri,NR,Tonnes,NR,Other,300,2500,1650,Rs/Quintal
Solapur,2,Tonnes,NR,Other,1100,2600,1900,Rs/Quintal
NCT of Delhi,,,,,,,,
Azadpur,339.3,Tonnes,NR,Guava,719,5000,2398,Rs/Quintal
Punjab,,,,,,,,
Bariwala,0.03,Tonnes,NR,Other,1500,1900,1700,Rs/Quintal
Barnala,0.2,Tonnes,NR,Other,2000,2500,2250,Rs/Quintal
Batala,3,Tonnes,NR,Other,2500,3500,3000,Rs/Quintal
Ferozepur Cantt.,0.04,Tonnes,NR,Guava,5800,6000,5900,Rs/Quintal
Jalandhar City(Jalandhar),17.9,Tonnes,NR,Other,1500,2800,2100,Rs/Quintal
Malerkotla,1,Tonnes,NR,Guava,2500,3500,3000,Rs/Quintal
Malout,0.3,Tonnes,NR,Guava,1800,2000,1900,Rs/Quintal
Nabha,13,Tonnes,NR,Other,2000,3000,2300,Rs/Quintal
Nawan Shahar(Subzi Mandi),0.2,Tonnes,NR,Other,2000,3000,2600,Rs/Quintal
Sangrur,0.2,Tonnes,NR,Guava,1000,1200,1200,Rs/Quintal
Sirhind,0.3,Tonnes,NR,Other,1800,3000,2500,Rs/Quintal
Rajasthan,,,,,,,,
Alwar(FV),7.4,Tonnes,NR,Other,1700,3300,2500,Rs/Quintal
Chittorgarh,2.2,Tonnes,NR,Other,1200,1800,1500,Rs/Quintal
Jaipur(F&V),75.8,Tonnes,NR,Guava,2000,3000,2500,Rs/Quintal
Telangana,,,,,,,,
Gaddiannaram,9.8,Tonnes,NR,Guava,667,3000,1333,Rs/Quintal
Uttar Pradesh,,,,,,,,
Achalda,5,Tonnes,NR,Guava,1000,1050,1020,Rs/Quintal
Aliganj,5,Tonnes,NR,Guava,500,700,600,Rs/Quintal
Aligarh,15,Tonnes,NR,Guava,2150,2250,2200,Rs/Quintal
Awagarh,8,Tonnes,NR,Guava Navalur,1500,1700,1600,Rs/Quintal
Bangarmau,1.2,Tonnes,NR,Guava,1200,1300,1250,Rs/Quintal
Chaandpur,2.5,Tonnes,NR,Guava,800,1000,900,Rs/Quintal
Faizabad,5,Tonnes,NR,Guava,1800,2000,1900,Rs/Quintal
Fatehabad,18,Tonnes,NR,Guava,1500,1550,1520,Rs/Quintal
Gangoh,0.1,Tonnes,NR,Guava,1450,1475,1460,Rs/Quintal
Gulavati,0.1,Tonnes,NR,Guava,714,718,716,Rs/Quintal
Haathras,1,Tonnes,NR,Guava,2200,2500,2350,Rs/Quintal
Hasanpur,0.1,Tonnes,NR,Guava,2200,2400,2300,Rs/Quintal
Jarar,0.6,Tonnes,NR,Guava,1200,1300,1250,Rs/Quintal
Jhijhank,3,Tonnes,NR,Guava,700,750,725,Rs/Quintal
Lucknow,62,Tonnes,NR,Guava,1000,1350,1250,Rs/Quintal
Mainpuri,3.5,Tonnes,NR,Guava Sardar,950,1100,1050,Rs/Quintal
Mathura,80,Tonnes,NR,Guava,1500,1700,1600,Rs/Quintal
Nanuta,0.3,Tonnes,NR,Guava,1500,1800,1600,Rs/Quintal
Pilibhit,12,Tonnes,NR,Guava,1670,1710,1690,Rs/Quintal
Rura,0.5,Tonnes,NR,Guava,1100,1300,1250,Rs/Quintal
Samsabad,1,Tonnes,NR,Guava,1400,1600,1500,Rs/Quintal
Shahpur,0.6,Tonnes,NR,Guava,NR,NR,720,Rs/Quintal
Shamli,3,Tonnes,NR,Guava,2000,2200,2100,Rs/Quintal
Thanabhawan,0.2,Tonnes,NR,Other,1400,1500,1450,Rs/Quintal
Unnao,10,Tonnes,NR,Guava,1200,1300,1250,Rs/Quintal
Uttrakhand,,,,,,,,
Haridwar Union,3.6,Tonnes,NR,Other,650,1000,800,Rs/Quintal
Kashipur,0.6,Tonnes,NR,Other,900,1200,1000,Rs/Quintal
Manglaur,1.9,Tonnes,NR,Other,1000,1200,1100,Rs/Quintal
Roorkee,1.5,Tonnes,NR,Other,600,1000,800,Rs/Quintal
West Bengal,,,,,,,,
Baruipur(Canning),0.6,Tonnes,NR,Other,6100,6300,6200,Rs/Quintal
Karbuja(Musk Melon),,,,,,,,
Haryana,,,,,,,,
Cheeka,0.01,Tonnes,NR,Karbhuja,2500,2500,2500,Rs/Quintal
Sirsa,0.6,Tonnes,NR,Other,2200,2800,2400,Rs/Quintal
Karnataka,,,,,,,,
"Binny Mill (F&V), Bangalore",28,Tonnes,NR,Karbhuja,500,1500,1000,Rs/Quintal
Maharashtra,,,,,,,,
Amrawati(Frui & Veg. Market),3,Tonnes,NR,Other,1800,2000,1900,Rs/Quintal
Aurangabad,1,Tonnes,NR,Other,1000,1400,1200,Rs/Quintal
Pune,8,Tonnes,NR,Other,1000,2000,1400,Rs/Quintal
NCT of Delhi,,,,,,,,
Azadpur,13.6,Tonnes,NR,Karbhuja,1000,2500,1750,Rs/Quintal
Telangana,,,,,,,,
Gaddiannaram,4,Tonnes,NR,Karbhuja,400,1100,700,Rs/Quintal
Kinnow,,,,,,,,
Gujarat,,,,,,,,
"Ahmedabad(Fruit Market, Naroda)",32.8,Tonnes,NR,Other,2000,3000,2500,Rs/Quintal
Ahmedabad(Manekchowk),0.1,Tonnes,NR,Other,2000,3000,2500,Rs/Quintal
Haryana,,,,,,,,
Ambala Cantt.,8.5,Tonnes,NR,Kinnow,1200,1800,1500,Rs/Quintal
Asandh,1.6,Tonnes,NR,Other,2100,2400,2250,Rs/Quintal
Barara,NR,Tonnes,NR,Other,1200,1400,1200,Rs/Quintal
Barwala(Hisar),23,Tonnes,NR,Kinnow,1400,1500,1500,Rs/Quintal
Cheeka,3.2,Tonnes,NR,Kinnow,1500,1600,1600,Rs/Quintal
Faridabad,12,Tonnes,NR,Kinnow,1300,1500,1400,Rs/Quintal
Ganaur,0.5,Tonnes,NR,Kinnow,1200,2000,1500,Rs/Quintal
Hansi,7.2,Tonnes,NR,Other,1380,1400,1390,Rs/Quintal
Hissar,19.2,Tonnes,NR,Other,1000,1500,1200,Rs/Quintal
Jagadhri,4,Tonnes,NR,Other,1000,1200,1200,Rs/Quintal
kalanwali,1.3,Tonnes,NR,Other,700,1300,1300,Rs/Quintal
Ladwa,2.2,Tonnes,NR,Kinnow,1800,2000,1800,Rs/Quintal
Meham,5,Tonnes,NR,Kinnow,1600,1600,1600,Rs/Quintal
Mohindergarh,2.4,Tonnes,NR,Kinnow,800,1400,1200,Rs/Quintal
Naraingarh,3.1,Tonnes,NR,Kinnow,1400,1500,1480,Rs/Quintal
Narnaul,9,Tonnes,NR,Other,1500,1800,1800,Rs/Quintal
Narnaund,0.2,Tonnes,NR,Other,1500,1800,1600,Rs/Quintal
Pehowa,0.2,Tonnes,NR,Other,1600,1800,1800,Rs/Quintal
Radaur,7,Tonnes,NR,Other,1400,1600,1500,Rs/Quintal
Ratia,2.5,Tonnes,NR,Other,1000,1500,1200,Rs/Quintal
Shahabad,4.3,Tonnes,NR,Kinnow,1500,1500,1500,Rs/Quintal
Shahzadpur,6.4,Tonnes,NR,Other,1600,2000,1600,Rs/Quintal
Sonepat,4,Tonnes,NR,Other,1200,1500,1200,Rs/Quintal
Uklana,0.5,Tonnes,NR,Kinnow,1000,1500,1500,Rs/Quintal
Himachal Pradesh,,,,,,,,
Bhuntar,0.1,Tonnes,NR,Other,2200,2600,2400,Rs/Quintal
Chamba,0.4,Tonnes,NR,Other,1900,2100,2000,Rs/Quintal
Dhanotu (Mandi),0.9,Tonnes,NR,Other,1500,2000,1750,Rs/Quintal
Hamirpur(Nadaun),0.22,Tonnes,NR,Other,2000,2500,2200,Rs/Quintal
Kangra,1.2,Tonnes,NR,Other,2000,2500,2250,Rs/Quintal
Kangra(Baijnath),0.8,Tonnes,NR,Kinnow,2000,2500,2000,Rs/Quintal
Kangra(Jaisinghpur),1,Tonnes,NR,Kinnow,2000,2000,2000,Rs/Quintal
Kangra(Jassour),4,Tonnes,NR,Other,1500,2000,1750,Rs/Quintal
Kullu,0.8,Tonnes,NR,Other,2200,2500,2300,Rs/Quintal
Mandi(Mandi),0.6,Tonnes,NR,Kinnow,1500,2300,2000,Rs/Quintal
Nahan,0.25,Tonnes,NR,Other,1400,1500,1450,Rs/Quintal
Palampur,0.8,Tonnes,NR,Other,1500,2200,2000,Rs/Quintal
Solan,0.4,Tonnes,NR,Other,1400,2000,1800,Rs/Quintal
Una,1.9,Tonnes,NR,Kinnow,1600,2500,2000,Rs/Quintal
Jammu and Kashmir,,,,,,,,
Akhnoor,2,Tonnes,NR,Other,2000,2200,2100,Rs/Quintal
Samba,2.5,Tonnes,NR,Kinnow,1800,2200,2000,Rs/Quintal
Punjab,,,,,,,,
Adampur,0.3,Tonnes,NR,Other,1500,2000,2000,Rs/Quintal
Amritsar(Amritsar Mewa Mandi),35,Tonnes,NR,Kinnow,700,1500,1200,Rs/Quintal
Balachaur,1,Tonnes,NR,Other,1800,2000,1900,Rs/Quintal
Banga,21,Tonnes,NR,Other,1284,1702,1702,Rs/Quintal
Barnala,7.8,Tonnes,NR,Kinnow,1000,1600,1300,Rs/Quintal
Bassi Pathana,15,Tonnes,NR,Kinnow,1200,1500,1300,Rs/Quintal
Batala,3.5,Tonnes,NR,Other,1300,1600,1500,Rs/Quintal
Bhawanigarh,0.7,Tonnes,NR,Other,1000,1400,1200,Rs/Quintal
Budalada,1,Tonnes,NR,Kinnow,1200,1600,1400,Rs/Quintal
Chamkaur Sahib,0.6,Tonnes,NR,Other,1800,1830,1820,Rs/Quintal
Dasuya,1.5,Tonnes,NR,Other,1500,1800,1800,Rs/Quintal
,,,NR,Other,800,1000,1000,Rs/Quintal
,,,NR,Other,500,600,600,Rs/Quintal
Faridkot,3.72,Tonnes,NR,Kinnow,1500,1800,1600,Rs/Quintal
Firozepur City,1.5,Tonnes,NR,Other,1000,1300,1150,Rs/Quintal
Jagraon,0.8,Tonnes,NR,Other,1200,1600,1400,Rs/Quintal
Jalalabad,1.5,Tonnes,NR,Other,1200,1400,1300,Rs/Quintal
Jalandhar City(Jalandhar),142.2,Tonnes,NR,Other,500,1300,1000,Rs/Quintal
Khanna,17.9,Tonnes,NR,Other,800,1800,1500,Rs/Quintal
Kharar,1.2,Tonnes,NR,Kinnow,1400,2000,1800,Rs/Quintal
Kotkapura,4,Tonnes,NR,Kinnow,1000,1500,1200,Rs/Quintal
Kurali,0.8,Tonnes,NR,Other,1500,1700,1600,Rs/Quintal
Malout,4,Tonnes,NR,Kinnow,1500,1800,1600,Rs/Quintal
Mansa,3.5,Tonnes,NR,Kinnow,1200,2000,1600,Rs/Quintal
Morinda,1,Tonnes,NR,Kinnow,1400,1600,1500,Rs/Quintal
Muktsar,2,Tonnes,NR,Kinnow,1400,1800,1600,Rs/Quintal
Nawan Shahar(Subzi Mandi),0.2,Tonnes,NR,Other,2000,3000,2600,Rs/Quintal
Patiala,6.1,Tonnes,NR,Kinnow,500,1000,700,Rs/Quintal
Patti,2,Tonnes,NR,Other,1000,1500,1200,Rs/Quintal
Phagwara,7.2,Tonnes,NR,Other,1363,1600,1482,Rs/Quintal
Raikot,2,Tonnes,NR,Other,1500,1700,1600,Rs/Quintal
Sangrur,2.8,Tonnes,NR,Kinnow,1000,1200,1200,Rs/Quintal
Sirhind,1.4,Tonnes,NR,Other,1500,1500,1500,Rs/Quintal
Sunam,1,Tonnes,NR,Other,1000,2000,1500,Rs/Quintal
Talwandi Sabo,0.4,Tonnes,NR,Other,1200,1800,1600,Rs/Quintal
Tanda Urmur,0.3,Tonnes,NR,Other,1500,2000,1800,Rs/Quintal
Tarantaran,20,Tonnes,NR,Other,1000,1200,1100,Rs/Quintal
Zira,0.6,Tonnes,NR,Other,1000,1500,1200,Rs/Quintal
Rajasthan,,,,,,,,
Sriganganagar(F&V),20,Tonnes,NR,Other,1100,1100,1100,Rs/Quintal
Uttar Pradesh,,,,,,,,
Faizabad,0.9,Tonnes,NR,Kinnow,1675,1800,1750,Rs/Quintal
Haathras,1.5,Tonnes,NR,Kinnow,2200,2300,2250,Rs/Quintal
Kadhle,0.5,Tonnes,NR,Kinnow,600,700,650,Rs/Quintal
Khalilabad,0.7,Tonnes,NR,Kinnow,1800,2000,1850,Rs/Quintal
Uttrakhand,,,,,,,,
Dehradoon,46.1,Tonnes,NR,Other,600,800,700,Rs/Quintal
Roorkee,8,Tonnes,NR,Other,500,900,600,Rs/Quintal
Lime,,,,,,,,
Andhra Pradesh,,,,,,,,
Denduluru,4.31,Tonnes,NR,Lime,1400,1900,1600,Rs/Quintal
Karnataka,,,,,,,,
Jamakhandi,10,Tonnes,NR,Lime,300,1165,800,Rs/Quintal
Kerala,,,,,,,,
Chala,3,Tonnes,NR,Lime,4700,4753,4720,Rs/Quintal
Koduvayoor,0.7,Tonnes,NR,Other,3800,4500,4300,Rs/Quintal
Kottakkal,3,Tonnes,NR,Other,4800,4900,4850,Rs/Quintal
Palakkad,0.25,Tonnes,NR,Other,4000,5000,4600,Rs/Quintal
Pattambi,0.2,Tonnes,NR,Other,5000,6000,5500,Rs/Quintal
Vadakkenchery,0.12,Tonnes,NR,Other,5000,5500,5250,Rs/Quintal
Maharashtra,,,,,,,,
Ahmednagar,NR,Tonnes,NR,Other,1000,2000,1500,Rs/Quintal
Amrawati(Frui & Veg. Market),1,Tonnes,NR,Other,1800,2000,1900,Rs/Quintal
Aurangabad,1,Tonnes,NR,Other,1000,1600,1300,Rs/Quintal
Jalgaon,1,Tonnes,NR,Other,1200,2500,2100,Rs/Quintal
Nasik,2,Tonnes,NR,Other,1000,2250,2000,Rs/Quintal
Pune,50,Tonnes,NR,Other,300,2000,1000,Rs/Quintal
Rahuri,NR,Tonnes,NR,Other,1300,3700,2900,Rs/Quintal
Solapur,3,Tonnes,NR,Other,1500,2500,1800,Rs/Quintal
Punjab,,,,,,,,
Nawan Shahar(Subzi Mandi),0.2,Tonnes,NR,Other,3000,4000,3600,Rs/Quintal
Sangrur,0.2,Tonnes,NR,Other,2000,2500,2500,Rs/Quintal
Rajasthan,,,,,,,,
Ajmer(F&V),2.6,Tonnes,NR,Other,1500,2500,2200,Rs/Quintal
Sriganganagar(F&V),2.5,Tonnes,NR,Other,2500,2500,2500,Rs/Quintal
Uttar Pradesh,,,,,,,,
Jhansi,4,Tonnes,NR,Lime,2400,2480,2430,Rs/Quintal
Mango,,,,,,,,
Goa,,,,,,,,
Mapusa,6,Tonnes,NR,Other,1200,1200,1200,Rs/Quintal
Haryana,,,,,,,,
Sirsa,0.2,Tonnes,NR,Other,14000,15000,15000,Rs/Quintal
Kerala,,,,,,,,
Koduvayoor,0.6,Tonnes,NR,Other,4000,4600,4300,Rs/Quintal
Pattambi,0.1,Tonnes,NR,Other,7000,8000,7500,Rs/Quintal
Thalayolaparambu,0.5,Tonnes,NR,Other,4000,4500,4300,Rs/Quintal
NCT of Delhi,,,,,,,,
Azadpur,9.4,Tonnes,NR,Safeda,11667,15000,13167,Rs/Quintal
,,,NR,Totapuri,6667,9333,7875,Rs/Quintal
Punjab,,,,,,,,
Jalandhar City(Jalandhar),0.1,Tonnes,NR,Other,5000,6000,5500,Rs/Quintal
Mousambi(Sweet Lime),,,,,,,,
Chandigarh,,,,,,,,
Chandigarh(Grain/Fruit),2.58,Tonnes,NR,Other,2000,3500,2750,Rs/Quintal
Chattisgarh,,,,,,,,
Durg,24,Tonnes,NR,Other,7000,8000,7500,Rs/Quintal
Rajnandgaon,1,Tonnes,NR,Mousambi,6000,6000,6000,Rs/Quintal
Gujarat,,,,,,,,
"Ahmedabad(Fruit Market, Naroda)",10.1,Tonnes,NR,Other,3600,4100,3900,Rs/Quintal
Ahmedabad(Manekchowk),0.1,Tonnes,NR,Other,3600,4100,3900,Rs/Quintal
Bharuch,2.58,Tonnes,NR,Other,2000,2750,2500,Rs/Quintal
Gondal(Veg.market Gondal),0.9,Tonnes,NR,Mousambi,4000,6000,5000,Rs/Quintal
Haryana,,,,,,,,
Cheeka,NR,Tonnes,NR,Other,3000,3000,3000,Rs/Quintal
Gurgaon,89,Tonnes,NR,Other,1500,3500,2500,Rs/Quintal
Khanina,0.2,Tonnes,NR,Other,4000,4000,4000,Rs/Quintal
Mohindergarh,1.2,Tonnes,NR,Mousambi,3000,3500,3500,Rs/Quintal
Naraingarh,0.16,Tonnes,NR,Mousambi,3500,3500,3500,Rs/Quintal
Narwana,0.06,Tonnes,NR,Other,3500,3500,3500,Rs/Quintal
Panipat,0.8,Tonnes,NR,Other,3000,4000,3600,Rs/Quintal
Sirsa,0.2,Tonnes,NR,Other,5500,5500,5500,Rs/Quintal
Uklana,0.1,Tonnes,NR,Mousambi,2500,2500,2500,Rs/Quintal
Himachal Pradesh,,,,,,,,
Kangra,0.4,Tonnes,NR,Other,5000,6000,5500,Rs/Quintal
Kangra(Jaisinghpur),0.3,Tonnes,NR,Mousambi,5500,5500,5500,Rs/Quintal
Kangra(Jassour),0.6,Tonnes,NR,Other,4000,4500,4250,Rs/Quintal
Palampur,0.1,Tonnes,NR,Other,5500,6000,6000,Rs/Quintal
Jammu and Kashmir,,,,,,,,
Akhnoor,1,Tonnes,NR,Other,3000,3200,3100,Rs/Quintal
Narwal Jammu (F&V),4,Tonnes,NR,Other,4500,5000,4750,Rs/Quintal
Samba,0.6,Tonnes,NR,Mousambi,2000,2500,2250,Rs/Quintal
Karnataka,,,,,,,,
"Binny Mill (F&V), Bangalore",95,Tonnes,NR,Mousambi,2500,3500,3000,Rs/Quintal
Kerala,,,,,,,,
Manjeri,5,Tonnes,NR,Other,5000,5100,5050,Rs/Quintal
Madhya Pradesh,,,,,,,,
Bhopal(F&V),4,Tonnes,NR,Other,1000,1500,1200,Rs/Quintal
NCT of Delhi,,,,,,,,
Azadpur,78,Tonnes,NR,Mousambi,1100,3500,2325,Rs/Quintal
Punjab,,,,,,,,
Barnala,0.7,Tonnes,NR,Other,4000,4250,4125,Rs/Quintal
Batala,0.2,Tonnes,NR,Other,3500,4000,3700,Rs/Quintal
Jalandhar City(Jalandhar),6.4,Tonnes,NR,Other,2000,3000,2600,Rs/Quintal
Malout,0.7,Tonnes,NR,Mousambi,3500,4000,3800,Rs/Quintal
Nawan Shahar(Subzi Mandi),0.3,Tonnes,NR,Other,3000,4000,3600,Rs/Quintal
Patti,2,Tonnes,NR,Other,3000,3400,3200,Rs/Quintal
Sangrur,0.3,Tonnes,NR,Mousambi,3000,3500,3500,Rs/Quintal
Rajasthan,,,,,,,,
Chittorgarh,0.1,Tonnes,NR,Other,2500,3500,3000,Rs/Quintal
Telangana,,,,,,,,
Gaddiannaram,13,Tonnes,NR,Mousambi,500,1600,1100,Rs/Quintal
Uttar Pradesh,,,,,,,,
Aligarh,7,Tonnes,NR,Mousambi,2300,2400,2350,Rs/Quintal
Baberu,0.4,Tonnes,NR,Mousambi,2350,2550,2450,Rs/Quintal
Bahraich,2.2,Tonnes,NR,Mousambi,3200,3550,3420,Rs/Quintal
Ballia,3,Tonnes,NR,Mousambi,2450,2550,2500,Rs/Quintal
Barabanki,2.1,Tonnes,NR,Mousambi,2180,2290,2240,Rs/Quintal
Bareilly,18,Tonnes,NR,Mousambi,2150,NR,2200,Rs/Quintal
Basti,1.2,Tonnes,NR,Mousambi,2300,2400,2350,Rs/Quintal
Bijnaur,1.5,Tonnes,NR,Mousambi,2320,2430,2380,Rs/Quintal
Etawah,3,Tonnes,NR,Mousambi,2250,2650,2470,Rs/Quintal
Faizabad,2,Tonnes,NR,Mousambi,3000,3300,3100,Rs/Quintal
Farukhabad,4,Tonnes,NR,Mousambi,2600,2800,2700,Rs/Quintal
Fatehabad,18,Tonnes,NR,Mousambi,2100,2200,2150,Rs/Quintal
Gazipur,3.5,Tonnes,NR,Mousambi,2700,2950,2800,Rs/Quintal
Gonda,1.6,Tonnes,NR,Mousambi,2850,2900,2880,Rs/Quintal
Gorakhpur,50,Tonnes,NR,Mousambi,2200,2500,2335,Rs/Quintal
Jafarganj,0.4,Tonnes,NR,Mousambi,3400,3600,3500,Rs/Quintal
Jaunpur,0.5,Tonnes,NR,Mousambi,2200,2360,2300,Rs/Quintal
Kanpur(Grain),50,Tonnes,NR,Mousambi,2700,2800,2750,Rs/Quintal
Karnailganj,0.3,Tonnes,NR,Mousambi,2850,2870,2860,Rs/Quintal
Karvi,1.2,Tonnes,NR,Mousambi,2375,2485,2420,Rs/Quintal
Kasganj,1.8,Tonnes,NR,Mousambi,2680,2780,2730,Rs/Quintal
Khairagarh,0.3,Tonnes,NR,Mousambi,2500,2600,2550,Rs/Quintal
Lalitpur,1,Tonnes,NR,Mousambi,3000,3650,3330,Rs/Quintal
Lucknow,69,Tonnes,NR,Mousambi,2050,2250,2175,Rs/Quintal
Mathura,25,Tonnes,NR,Mousambi,2300,2500,2400,Rs/Quintal
Muradabad,5,Tonnes,NR,Mousambi,2300,2500,2400,Rs/Quintal
Muzzafarnagar,3.5,Tonnes,NR,Mousambi,2380,2425,2400,Rs/Quintal
Naugarh,1.2,Tonnes,NR,Mousambi,2300,2350,2325,Rs/Quintal
Nawabganj,250,Tonnes,NR,Mousambi,2000,NR,2150,Rs/Quintal
Pilibhit,6,Tonnes,NR,Mousambi,2510,2550,2530,Rs/Quintal
Shahganj,1,Tonnes,NR,Mousambi,2650,2780,2700,Rs/Quintal
Shahjahanpur,3,Tonnes,NR,Mousambi,4300,4450,4420,Rs/Quintal
Sultanpur,3.8,Tonnes,NR,Mousambi,2600,2650,2630,Rs/Quintal
Unnao,0.3,Tonnes,NR,Mousambi,1650,1775,1725,Rs/Quintal
Uttrakhand,,,,,,,,
Kashipur,1.3,Tonnes,NR,Mousambi,1600,1800,1700,Rs/Quintal
Vikasnagar,0.6,Tonnes,NR,Other,2000,2000,2000,Rs/Quintal
West Bengal,,,,,,,,
Mechua,175.5,Tonnes,NR,Other,3800,4600,4200,Rs/Quintal
,,,NR,Other,3600,4300,4000,Rs/Quintal
,,,NR,Other,3300,4000,3700,Rs/Quintal
Orange,,,,,,,,
Chattisgarh,,,,,,,,
Durg,16,Tonnes,NR,Other,5000,6000,5500,Rs/Quintal
Rajnandgaon,1,Tonnes,NR,Orange,4000,4000,4000,Rs/Quintal
Goa,,,,,,,,
Mapusa,11.9,Tonnes,NR,Orange,3000,3000,3000,Rs/Quintal
Gujarat,,,,,,,,
"Ahmedabad(Fruit Market, Naroda)",2.9,Tonnes,NR,Other,6000,7600,6800,Rs/Quintal
Ahmedabad(Manekchowk),0.1,Tonnes,NR,Other,6000,7600,6800,Rs/Quintal
Bharuch,5.86,Tonnes,NR,Other,1500,2500,2000,Rs/Quintal
Vadodara(Navapura),14,Tonnes,NR,Other,5000,7000,6000,Rs/Quintal
Haryana,,,,,,,,
Gohana,0.5,Tonnes,NR,Other,3500,4000,3500,Rs/Quintal
Gurgaon,8.3,Tonnes,NR,Other,2500,5000,3750,Rs/Quintal
Jhajjar,0.2,Tonnes,NR,Other,3000,3000,3000,Rs/Quintal
Khanina,0.2,Tonnes,NR,Other,4000,4000,4000,Rs/Quintal
Meham,0.2,Tonnes,NR,Orange,5000,5000,5000,Rs/Quintal
Sampla,0.2,Tonnes,NR,Other,4000,4000,4000,Rs/Quintal
Shahabad,0.1,Tonnes,NR,Orange,4000,4000,4000,Rs/Quintal
Sonepat,0.4,Tonnes,NR,Other,3500,4000,3500,Rs/Quintal
Himachal Pradesh,,,,,,,,
Kangra,0.5,Tonnes,NR,Other,4000,5000,4500,Rs/Quintal
Kangra(Jassour),1.5,Tonnes,NR,Other,1500,1800,1650,Rs/Quintal
Kullu,0.6,Tonnes,NR,Other,5500,6500,6000,Rs/Quintal
Palampur,0.1,Tonnes,NR,Other,6000,6500,6500,Rs/Quintal
Jammu and Kashmir,,,,,,,,
Akhnoor,1,Tonnes,NR,Nagpuri,2500,2600,2550,Rs/Quintal
Batote,0.4,Tonnes,NR,Darjeeling,2400,2800,2600,Rs/Quintal
Samba,0.5,Tonnes,NR,Nagpuri,4500,5000,4750,Rs/Quintal
Karnataka,,,,,,,,
"Binny Mill (F&V), Bangalore",114,Tonnes,NR,Orange,2600,3400,3000,Rs/Quintal
Kerala,,,,,,,,
Kondotty,0.2,Tonnes,NR,Other,4500,4700,4600,Rs/Quintal
Kottakkal,0.9,Tonnes,NR,Other,5300,5400,5350,Rs/Quintal
Manjeri,5,Tonnes,NR,Other,3800,3900,3850,Rs/Quintal
Perinthalmanna,2.8,Tonnes,NR,Orange,4500,5100,4800,Rs/Quintal
Thodupuzha,1,Tonnes,NR,Other,4000,4200,4200,Rs/Quintal
Maharashtra,,,,,,,,
Amrawati(Frui & Veg. Market),6,Tonnes,NR,Other,2200,2800,2500,Rs/Quintal
Chandrapur(Ganjwad),4,Tonnes,NR,Other,1000,3500,2000,Rs/Quintal
Fruit Market,431,Tonnes,NR,Other,1500,3500,2500,Rs/Quintal
Kalyan,NR,Tonnes,NR,Other,2000,4000,3000,Rs/Quintal
Karad,1,Tonnes,NR,Other,2000,2500,2500,Rs/Quintal
Nagpur,39,Tonnes,NR,Other,700,2400,1975,Rs/Quintal
Nasik,32,Tonnes,NR,Other,1000,3000,1700,Rs/Quintal
Pune,23,Tonnes,NR,Other,900,4500,2700,Rs/Quintal
Rahuri,1,Tonnes,NR,Other,300,4100,2650,Rs/Quintal
NCT of Delhi,,,,,,,,
Azadpur,153.9,Tonnes,NR,Other,1111,4444,2824,Rs/Quintal
Odisha,,,,,,,,
Bonai,0.2,Tonnes,NR,Other,6000,8000,8000,Rs/Quintal
,,,NR,Other,6000,8000,8000,Rs/Quintal
,,,NR,Other,6000,8000,8000,Rs/Quintal
Punjab,,,,,,,,
Abohar,0.1,Tonnes,NR,Orange,NR,NR,6000,Rs/Quintal
Barnala,0.2,Tonnes,NR,Other,4000,4000,4000,Rs/Quintal
Jagraon,0.3,Tonnes,NR,Other,3800,4200,4000,Rs/Quintal
Jalandhar City(Jalandhar),1.3,Tonnes,NR,Other,2200,3800,3000,Rs/Quintal
Nawan Shahar(Subzi Mandi),0.2,Tonnes,NR,Other,3000,4000,3600,Rs/Quintal
Sangrur,0.2,Tonnes,NR,Orange,4000,4000,4000,Rs/Quintal
Rajasthan,,,,,,,,
Chittorgarh,1.8,Tonnes,NR,Other,1900,2500,2200,Rs/Quintal
Jaipur(F&V),66.1,Tonnes,NR,Darjeeling,1500,3500,2500,Rs/Quintal
Sriganganagar(F&V),1,Tonnes,NR,Other,4000,4000,4000,Rs/Quintal
Udaipur(F&V),0.9,Tonnes,NR,Other,500,2000,1250,Rs/Quintal
Uttar Pradesh,,,,,,,,
Ballia,5,Tonnes,NR,Medium,2400,2500,2460,Rs/Quintal
Gorakhpur,35,Tonnes,NR,Orange,2200,2470,2320,Rs/Quintal
Lalitpur,1,Tonnes,NR,Orange,3400,3700,3565,Rs/Quintal
Ruperdeeha,4,Tonnes,NR,Orange,NR,3000,2800,Rs/Quintal
Unnao,0.8,Tonnes,NR,Orange,1600,1700,1650,Rs/Quintal
Uttrakhand,,,,,,,,
Haridwar Union,2.5,Tonnes,NR,Other,1050,1400,1200,Rs/Quintal
Rishikesh,8.6,Tonnes,NR,Other,1460,1580,1485,Rs/Quintal
Vikasnagar,2.8,Tonnes,NR,Other,1500,1500,1500,Rs/Quintal
West Bengal,,,,,,,,
Mechua,218.5,Tonnes,NR,Other,3800,4500,4300,Rs/Quintal
,,,NR,Other,3600,4200,4000,Rs/Quintal
,,,NR,Other,3300,4000,3700,Rs/Quintal
Siliguri,48,Tonnes,NR,Darjeeling,7000,9000,8000,Rs/Quintal
,,,NR,Darjeeling,6500,7500,7000,Rs/Quintal
,,,NR,Darjeeling,6000,7000,6500,Rs/Quintal
,,,NR,Nagpuri,6500,7500,7000,Rs/Quintal
,,,NR,Nagpuri,6000,7000,6500,Rs/Quintal
,,,NR,Nagpuri,5500,6500,6000,Rs/Quintal
Papaya,,,,,,,,
Goa,,,,,,,,
Mapusa,6,Tonnes,NR,Papaya,800,900,850,Rs/Quintal
Gujarat,,,,,,,,
"Ahmedabad(Fruit Market, Naroda)",78,Tonnes,NR,Other,1800,2200,2000,Rs/Quintal
Ahmedabad(Manekchowk),0.1,Tonnes,NR,Other,1800,2200,2000,Rs/Quintal
Bharuch,9.86,Tonnes,NR,Other,500,700,600,Rs/Quintal
Gondal(Veg.market Gondal),1,Tonnes,NR,Other,1000,1500,1250,Rs/Quintal
Vadodara(Navapura),25,Tonnes,NR,Other,2500,4500,3500,Rs/Quintal
Haryana,,,,,,,,
Pataudi,0.8,Tonnes,NR,Other,1000,1000,1000,Rs/Quintal
Pehowa,0.2,Tonnes,NR,Other,600,600,600,Rs/Quintal
Shahabad,0.4,Tonnes,NR,Papaya,1700,1700,1700,Rs/Quintal
Himachal Pradesh,,,,,,,,
Bhuntar,0.2,Tonnes,NR,Other,3000,3200,3100,Rs/Quintal
Dhanotu (Mandi),0.3,Tonnes,NR,Other,1500,2000,1750,Rs/Quintal
Kangra,0.1,Tonnes,NR,Other,2000,2500,2250,Rs/Quintal
Kangra(Baijnath),NR,Tonnes,NR,Other,2500,2700,2600,Rs/Quintal
Kangra(Jaisinghpur),0.05,Tonnes,NR,Other,2000,2200,2200,Rs/Quintal
Kullu,0.6,Tonnes,NR,Other,2500,2800,2700,Rs/Quintal
Palampur,0.2,Tonnes,NR,Other,2200,2600,2400,Rs/Quintal
Paonta Sahib,0.3,Tonnes,NR,Other,1800,2000,1900,Rs/Quintal
Solan,0.1,Tonnes,NR,Other,1500,2500,2000,Rs/Quintal
Jammu and Kashmir,,,,,,,,
Akhnoor,1,Tonnes,NR,Other,1800,2000,1900,Rs/Quintal
Narwal Jammu (F&V),6,Tonnes,NR,Other,1600,2000,1800,Rs/Quintal
Karnataka,,,,,,,,
"Binny Mill (F&V), Bangalore",23,Tonnes,NR,Papaya,600,1400,1000,Rs/Quintal
Channapatana,1,Tonnes,NR,Papaya,800,1000,900,Rs/Quintal
Kerala,,,,,,,,
Koovapadi,0.4,Tonnes,NR,Papaya,1600,1800,1700,Rs/Quintal
,,,NR,Papaya,1300,1500,1400,Rs/Quintal
,,,NR,Papaya,1000,1200,1100,Rs/Quintal
Madhavapuram,2,Tonnes,NR,Other,800,1300,1200,Rs/Quintal
Perinthalmanna,2.5,Tonnes,NR,Papaya,2900,3500,3200,Rs/Quintal
Madhya Pradesh,,,,,,,,
Bhopal(F&V),16,Tonnes,NR,Other,1000,1500,1200,Rs/Quintal
Dhar(F&V),2,Tonnes,NR,Other,1200,1500,1300,Rs/Quintal
Indore(F&V),8,Tonnes,NR,Papaya,400,1000,600,Rs/Quintal
Ujjain(F&V),3,Tonnes,NR,Papaya,600,600,600,Rs/Quintal
NCT of Delhi,,,,,,,,
Azadpur,279.1,Tonnes,NR,Papaya,500,1100,767,Rs/Quintal
Punjab,,,,,,,,
Abohar,0.5,Tonnes,NR,Papaya,1450,2000,1675,Rs/Quintal
Bassi Pathana,0.1,Tonnes,NR,Papaya,2000,2500,2200,Rs/Quintal
Dasuya,0.4,Tonnes,NR,Other,1200,1500,1500,Rs/Quintal
,,,NR,Other,800,1000,1000,Rs/Quintal
Firozepur City,0.1,Tonnes,NR,Other,1200,1500,1350,Rs/Quintal
Malerkotla,2.5,Tonnes,NR,Other,850,1000,900,Rs/Quintal
Nabha,6,Tonnes,NR,Other,500,500,500,Rs/Quintal
Nawan Shahar(Subzi Mandi),0.2,Tonnes,NR,Other,2000,3000,2600,Rs/Quintal
Patti,2,Tonnes,NR,Other,1000,1400,1200,Rs/Quintal
Rajpura,1,Tonnes,NR,Other,1500,2000,1750,Rs/Quintal
Zira,0.1,Tonnes,NR,Papaya,1300,1800,1500,Rs/Quintal
Rajasthan,,,,,,,,
Chittorgarh,0.8,Tonnes,NR,Other,1400,1800,1600,Rs/Quintal
Jaipur(F&V),81.8,Tonnes,NR,Other,900,1200,1050,Rs/Quintal
Jalore,0.3,Tonnes,NR,Other,1000,1200,1100,Rs/Quintal
Sriganganagar(F&V),7,Tonnes,NR,Other,1200,1200,1200,Rs/Quintal
Udaipur(F&V),5,Tonnes,NR,Other,500,900,700,Rs/Quintal
Uttar Pradesh,,,,,,,,
Achalda,20,Tonnes,NR,Papaya,1100,1500,1200,Rs/Quintal
Aligarh,50,Tonnes,NR,Papaya,1100,1200,1150,Rs/Quintal
Bahraich,1.8,Tonnes,NR,Papaya,1820,2115,1925,Rs/Quintal
Barabanki,8,Tonnes,NR,Papaya,2000,2200,2100,Rs/Quintal
Bareilly,32,Tonnes,NR,Papaya,1725,1800,1760,Rs/Quintal
Bijnaur,1.5,Tonnes,NR,Papaya,1420,1520,1470,Rs/Quintal
Chaandpur,2,Tonnes,NR,Papaya,1000,1100,1050,Rs/Quintal
Dhanura,1.2,Tonnes,NR,Papaya,900,1000,900,Rs/Quintal
Faizabad,5.6,Tonnes,NR,Papaya,1900,2050,2000,Rs/Quintal
Farukhabad,3.5,Tonnes,NR,Papaya,1500,1650,1600,Rs/Quintal
Fatehabad,8,Tonnes,NR,Papaya,1200,1250,1220,Rs/Quintal
Firozabad,9,Tonnes,NR,Papaya,600,800,700,Rs/Quintal
Gangoh,0.2,Tonnes,NR,Papaya,2145,2170,2160,Rs/Quintal
Gorakhpur,37.5,Tonnes,NR,Papaya,2100,2210,2150,Rs/Quintal
Haathras,1.5,Tonnes,NR,Papaya,900,1100,1000,Rs/Quintal
Jarar,0.4,Tonnes,NR,Papaya,1100,1160,1130,Rs/Quintal
Jhijhank,3,Tonnes,NR,Other,900,950,925,Rs/Quintal
Kanpur(Grain),200,Tonnes,NR,Papaya,1450,1550,1500,Rs/Quintal
Khairagarh,1.5,Tonnes,NR,Papaya,2200,2300,2250,Rs/Quintal
Lakhimpur,6,Tonnes,NR,Papaya,1950,2050,2000,Rs/Quintal
Lalitpur,25,Tonnes,NR,Papaya,1000,1325,1250,Rs/Quintal
Lucknow,84,Tonnes,NR,Papaya,1400,1600,1500,Rs/Quintal
Mainpuri,2,Tonnes,NR,Papaya,1150,1300,1250,Rs/Quintal
Mathura,40,Tonnes,NR,Papaya,1300,1500,1400,Rs/Quintal
Mawana,1,Tonnes,NR,Papaya,1500,1700,1600,Rs/Quintal
Meerut,2,Tonnes,NR,Papaya,1025,1150,1090,Rs/Quintal
Muradabad,35,Tonnes,NR,Papaya,1100,1250,1200,Rs/Quintal
Muzzafarnagar,5.5,Tonnes,NR,Papaya,3270,3340,3300,Rs/Quintal
Nanuta,0.2,Tonnes,NR,Papaya,1500,1650,1600,Rs/Quintal
Pilibhit,8,Tonnes,NR,Other,1720,1760,1740,Rs/Quintal
Pukhrayan,8,Tonnes,NR,Papaya,1820,2020,1920,Rs/Quintal
Ruperdeeha,2,Tonnes,NR,Papaya,NR,1800,1700,Rs/Quintal
Unnao,0.4,Tonnes,NR,Papaya,2050,2150,2100,Rs/Quintal
Uttrakhand,,,,,,,,
Haridwar Union,25,Tonnes,NR,Other,950,1100,1000,Rs/Quintal
Rishikesh,6.7,Tonnes,NR,Other,910,1250,1150,Rs/Quintal
Vikasnagar,1.5,Tonnes,NR,Other,1200,1500,1200,Rs/Quintal
Pear(Marasebu),,,,,,,,
Maharashtra,,,,,,,,
Pune,1,Tonnes,NR,Other,5000,13500,8200,Rs/Quintal
Pineapple,,,,,,,,
Goa,,,,,,,,
Mapusa,4,Tonnes,NR,Pine Apple,1200,1300,1250,Rs/Quintal
Gujarat,,,,,,,,
"Ahmedabad(Fruit Market, Naroda)",36,Tonnes,NR,Other,2800,3500,3200,Rs/Quintal
Ahmedabad(Manekchowk),0.1,Tonnes,NR,Other,2800,3500,3200,Rs/Quintal
Himachal Pradesh,,,,,,,,
Kangra,0.1,Tonnes,NR,Other,2500,3000,2750,Rs/Quintal
Jammu and Kashmir,,,,,,,,
Akhnoor,1,Tonnes,NR,Other,2000,2200,2100,Rs/Quintal
Karnataka,,,,,,,,
"Binny Mill (F&V), Bangalore",28,Tonnes,NR,Pine Apple,800,2200,1600,Rs/Quintal
Kerala,,,,,,,,
Aluva,2,Tonnes,NR,Pine Apple,2800,3500,3200,Rs/Quintal
Angamaly,1,Tonnes,NR,Pine Apple,3000,3400,3200,Rs/Quintal
Athirampuzha,0.25,Tonnes,NR,Other,2300,2500,2400,Rs/Quintal
Chala,3,Tonnes,NR,Other,3500,3555,3520,Rs/Quintal
Koduvayoor,0.7,Tonnes,NR,Other,3000,3600,3300,Rs/Quintal
Koovapadi,5.63,Tonnes,NR,Other,2300,2500,2400,Rs/Quintal
,,,NR,Other,2050,2200,2100,Rs/Quintal
,,,NR,Other,1900,2000,1905,Rs/Quintal
Kottakkal,2,Tonnes,NR,Other,2300,2400,2350,Rs/Quintal
Kuruppanthura,5,Tonnes,NR,Pine Apple,1800,2600,2200,Rs/Quintal
Manjeri,5,Tonnes,NR,Other,2900,3000,2950,Rs/Quintal
Moovattupuzha,55,Tonnes,NR,Pine Apple,2000,2350,2150,Rs/Quintal
Palakkad,0.5,Tonnes,NR,Pine Apple,3200,3800,3500,Rs/Quintal
Perinthalmanna,2.1,Tonnes,NR,Pine Apple,3200,3800,3500,Rs/Quintal
Perumbavoor,8,Tonnes,NR,Pine Apple,2500,3500,3000,Rs/Quintal
Thalayolaparambu,0.6,Tonnes,NR,Pine Apple,2300,2800,2500,Rs/Quintal
Thrippunithura,0.5,Tonnes,NR,Pine Apple,3500,4400,3900,Rs/Quintal
Vadakkenchery,0.27,Tonnes,NR,Other,3500,4000,3750,Rs/Quintal
Maharashtra,,,,,,,,
Chandrapur(Ganjwad),6,Tonnes,NR,Other,40,60,50,Rs/Quintal
Fruit Market,283,Tonnes,NR,Other,800,2800,1800,Rs/Quintal
Pune,20,Tonnes,NR,Other,1000,2300,1400,Rs/Quintal
NCT of Delhi,,,,,,,,
Azadpur,71.1,Tonnes,NR,Pine Apple,1400,3200,2300,Rs/Quintal
Punjab,,,,,,,,
Jagraon,0.5,Tonnes,NR,Other,2400,2800,2600,Rs/Quintal
Jalandhar City(Jalandhar),21,Tonnes,NR,Other,1600,1900,1800,Rs/Quintal
Malout,0.5,Tonnes,NR,Pine Apple,2800,4500,3500,Rs/Quintal
Sangrur,0.4,Tonnes,NR,Pine Apple,1800,2000,2000,Rs/Quintal
Sirhind,0.3,Tonnes,NR,Other,1500,2000,1800,Rs/Quintal
Rajasthan,,,,,,,,
Jaipur(F&V),17.7,Tonnes,NR,Other,3000,3500,3250,Rs/Quintal
Sriganganagar(F&V),1,Tonnes,NR,Other,3000,3000,3000,Rs/Quintal
Udaipur(F&V),9,Tonnes,NR,Other,1200,2200,1700,Rs/Quintal
West Bengal,,,,,,,,
Siliguri,7,Tonnes,NR,Pine Apple,2000,2400,2200,Rs/Quintal
,,,NR,Pine Apple,1800,2200,2000,Rs/Quintal
,,,NR,Pine Apple,1600,2000,1800,Rs/Quintal
Pomegranate,,,,,,,,
Chandigarh,,,,,,,,
Chandigarh(Grain/Fruit),13.14,Tonnes,NR,Other,4000,7000,5500,Rs/Quintal
Gujarat,,,,,,,,
"Ahmedabad(Fruit Market, Naroda)",100.3,Tonnes,NR,Other,4500,6800,5700,Rs/Quintal
Ahmedabad(Manekchowk),0.1,Tonnes,NR,Other,4500,6800,5700,Rs/Quintal
Bharuch,5.86,Tonnes,NR,Other,1500,4000,3000,Rs/Quintal
Gondal(Veg.market Gondal),9.57,Tonnes,NR,Pomogranate,1000,3500,2250,Rs/Quintal
Vadodara(Navapura),10,Tonnes,NR,Other,6000,8000,7000,Rs/Quintal
Haryana,,,,,,,,
Asandh,0.1,Tonnes,NR,Other,4500,5000,4800,Rs/Quintal
Barara,NR,Tonnes,NR,Other,4000,5000,4000,Rs/Quintal
Barwala(Hisar),1,Tonnes,NR,Other,6000,6000,6000,Rs/Quintal
Faridabad,6,Tonnes,NR,Other,3000,5000,4000,Rs/Quintal
Gurgaon,3.8,Tonnes,NR,Other,7000,10000,8500,Rs/Quintal
Hissar,4.4,Tonnes,NR,Other,4100,6000,5000,Rs/Quintal
Jagadhri,0.8,Tonnes,NR,Pomogranate,4500,7000,7000,Rs/Quintal
Jhajjar,0.9,Tonnes,NR,Other,3000,5000,5000,Rs/Quintal
Jind,2.5,Tonnes,NR,Other,3000,5000,4500,Rs/Quintal
Khanina,0.1,Tonnes,NR,Other,6000,6000,6000,Rs/Quintal
Meham,2,Tonnes,NR,Pomogranate,5000,5000,5000,Rs/Quintal
Mohindergarh,1.6,Tonnes,NR,Pomogranate,4000,6000,5000,Rs/Quintal
Naraingarh,1.05,Tonnes,NR,Pomogranate,4500,8000,6000,Rs/Quintal
Narnaul,0.2,Tonnes,NR,Other,3500,4000,4000,Rs/Quintal
Panipat,3.4,Tonnes,NR,Pomogranate,5000,9000,7200,Rs/Quintal
Pataudi,1.2,Tonnes,NR,Other,2000,3500,2750,Rs/Quintal
Ratia,0.3,Tonnes,NR,Other,6000,6000,6000,Rs/Quintal
Shahabad,1.4,Tonnes,NR,Pomogranate,3500,4800,4000,Rs/Quintal
Shahzadpur,0.1,Tonnes,NR,Other,5000,5000,5000,Rs/Quintal
Sonepat,4.6,Tonnes,NR,Other,6000,7000,6000,Rs/Quintal
Thanesar,5,Tonnes,NR,Pomogranate,2000,4000,3000,Rs/Quintal
Uklana,0.3,Tonnes,NR,Pomogranate,4500,5000,5000,Rs/Quintal
Himachal Pradesh,,,,,,,,
Bilaspur,0.2,Tonnes,NR,Other,11000,12000,11500,Rs/Quintal
Dhanotu (Mandi),0.1,Tonnes,NR,Other,5000,7000,6000,Rs/Quintal
Kangra,0.7,Tonnes,NR,Other,4000,6000,5000,Rs/Quintal
Kangra(Jaisinghpur),0.02,Tonnes,NR,Other,7000,7000,7000,Rs/Quintal
Kangra(Jassour),0.8,Tonnes,NR,Other,4500,5500,5000,Rs/Quintal
Palampur,0.2,Tonnes,NR,Other,6000,7000,6500,Rs/Quintal
Paonta Sahib,0.15,Tonnes,NR,Other,4500,5000,4750,Rs/Quintal
Solan,0.1,Tonnes,NR,Other,3500,5000,4500,Rs/Quintal
Jammu and Kashmir,,,,,,,,
Akhnoor,1,Tonnes,NR,Other,4000,4500,4250,Rs/Quintal
Batote,0.3,Tonnes,NR,Other,8400,8800,8600,Rs/Quintal
Samba,1.4,Tonnes,NR,Other,4000,5000,4500,Rs/Quintal
Karnataka,,,,,,,,
"Binny Mill (F&V), Bangalore",137,Tonnes,NR,Pomogranate,7000,9000,8000,Rs/Quintal
Madhya Pradesh,,,,,,,,
Ujjain(F&V),0.05,Tonnes,NR,Pomogranate,2500,3037,3037,Rs/Quintal
Maharashtra,,,,,,,,
Aatpadi,57,Tonnes,NR,Other,1000,6500,5000,Rs/Quintal
Amrawati(Frui & Veg. Market),11,Tonnes,NR,Other,3000,4000,3500,Rs/Quintal
Aurangabad,4,Tonnes,NR,Other,600,4500,2550,Rs/Quintal
Chandrapur(Ganjwad),4,Tonnes,NR,Other,2500,5000,3800,Rs/Quintal
Fruit Market,159,Tonnes,NR,Other,4000,6000,5000,Rs/Quintal
Karad,1,Tonnes,NR,Other,1750,2500,2500,Rs/Quintal
Nasik,42,Tonnes,NR,Other,700,5750,3375,Rs/Quintal
Pimpalgaon,2,Tonnes,NR,Other,300,4250,2500,Rs/Quintal
Pune(Hadapsar),NR,Tonnes,NR,Other,3000,4500,3500,Rs/Quintal
Rahata,15,Tonnes,NR,Other,250,6000,3000,Rs/Quintal
Rahuri,2,Tonnes,NR,Other,200,6000,3550,Rs/Quintal
Sangamner,5,Tonnes,NR,Other,400,4000,2400,Rs/Quintal
"Sangli(Phale, Bhajipura Market)",3,Tonnes,NR,Other,1200,4250,2500,Rs/Quintal
Sangola,229,Tonnes,NR,Other,700,4000,2300,Rs/Quintal
Solapur,70,Tonnes,NR,Other,1000,4500,2000,Rs/Quintal
Punjab,,,,,,,,
Barnala,1.1,Tonnes,NR,Other,3000,4000,3500,Rs/Quintal
Bassi Pathana,0.2,Tonnes,NR,Pomogranate,5000,6000,5500,Rs/Quintal
Batala,0.5,Tonnes,NR,Other,3500,4500,4000,Rs/Quintal
Faridkot,0.18,Tonnes,NR,Pomogranate,5000,6200,5600,Rs/Quintal
Firozepur City,0.1,Tonnes,NR,Other,3000,6000,4500,Rs/Quintal
Malerkotla,1,Tonnes,NR,Other,2700,4000,3500,Rs/Quintal
Malout,0.8,Tonnes,NR,Pomogranate,4500,7000,6500,Rs/Quintal
Nawan Shahar(Subzi Mandi),0.03,Tonnes,NR,Other,5000,7000,6500,Rs/Quintal
Sangrur,0.4,Tonnes,NR,Pomogranate,4500,5000,5000,Rs/Quintal
Sirhind,0.1,Tonnes,NR,Other,6000,6000,6000,Rs/Quintal
Sunam,0.3,Tonnes,NR,Other,7000,9000,8000,Rs/Quintal
Rajasthan,,,,,,,,
Alwar(FV),1,Tonnes,NR,Other,5200,8200,6700,Rs/Quintal
Jaipur(F&V),74.9,Tonnes,NR,Other,3000,7000,5000,Rs/Quintal
Sriganganagar(F&V),5.5,Tonnes,NR,Other,3500,3500,3500,Rs/Quintal
Udaipur(F&V),2.2,Tonnes,NR,Other,1500,3000,2250,Rs/Quintal
Uttar Pradesh,,,,,,,,
Aligarh,12,Tonnes,NR,Pomogranate,3950,4050,4000,Rs/Quintal
Bahraich,8.7,Tonnes,NR,Pomogranate,3950,4750,4550,Rs/Quintal
Ballia,4,Tonnes,NR,Other,3860,4000,3920,Rs/Quintal
Bangarmau,1.2,Tonnes,NR,Pomogranate,4150,4250,4200,Rs/Quintal
Barabanki,2.2,Tonnes,NR,Pomogranate,5400,5500,5450,Rs/Quintal
Baraut,0.2,Tonnes,NR,Pomogranate,4200,4400,4300,Rs/Quintal
Bareilly,10,Tonnes,NR,Pomogranate,4025,4150,4100,Rs/Quintal
Bijnaur,1,Tonnes,NR,Pomogranate,3670,3800,3740,Rs/Quintal
Devariya,1,Tonnes,NR,Pomogranate,4000,4050,4020,Rs/Quintal
Faizabad,4.1,Tonnes,NR,Pomogranate,4200,4500,4300,Rs/Quintal
Farukhabad,5,Tonnes,NR,Pomogranate,4100,4300,4150,Rs/Quintal
Golagokarnath,2,Tonnes,NR,Pomogranate,4700,4900,4810,Rs/Quintal
Gorakhpur,64,Tonnes,NR,Pomogranate,4150,4450,4275,Rs/Quintal
Haathras,1.5,Tonnes,NR,Pomogranate,4800,5000,4900,Rs/Quintal
Jafarganj,0.6,Tonnes,NR,Pomogranate,3850,4000,3900,Rs/Quintal
Jaunpur,1,Tonnes,NR,Pomogranate,4100,4250,4200,Rs/Quintal
Jhansi,2.5,Tonnes,NR,Pomogranate,3200,3300,3250,Rs/Quintal
Kanpur(Grain),60,Tonnes,NR,Pomogranate,4600,4800,4700,Rs/Quintal
Khalilabad,1.5,Tonnes,NR,Pomogranate,2350,2650,2450,Rs/Quintal
Konch,2.5,Tonnes,NR,Pomogranate,2900,3200,3050,Rs/Quintal
Kopaganj,25,Tonnes,NR,Pomogranate,4500,4550,4525,Rs/Quintal
Lakhimpur,8,Tonnes,NR,Pomogranate,4500,4600,4550,Rs/Quintal
Lalitpur,12,Tonnes,NR,Pomogranate,4000,4256,4125,Rs/Quintal
Lucknow,67,Tonnes,NR,Pomogranate,4300,4500,4400,Rs/Quintal
Mainpuri,4,Tonnes,NR,Pomogranate,3500,3600,3550,Rs/Quintal
Mathura,25,Tonnes,NR,Pomogranate,4200,4600,4400,Rs/Quintal
Mugrabaadshahpur,3,Tonnes,NR,Other,5660,5700,5680,Rs/Quintal
Muradabad,20,Tonnes,NR,Pomogranate,3700,3850,3800,Rs/Quintal
Najibabad,3,Tonnes,NR,Pomogranate,3400,3600,3500,Rs/Quintal
Paliakala,1.4,Tonnes,NR,Pomogranate,4950,5000,4970,Rs/Quintal
Partaval,0.7,Tonnes,NR,Pomogranate,4750,4850,4800,Rs/Quintal
Pukhrayan,40,Tonnes,NR,Pomogranate,5070,5270,5170,Rs/Quintal
Puranpur,1.8,Tonnes,NR,Pomogranate,3980,4090,4030,Rs/Quintal
Raath,0.4,Tonnes,NR,Pomogranate,5700,6000,5850,Rs/Quintal
Rampur,35,Tonnes,NR,Pomogranate,3950,4050,4000,Rs/Quintal
Shahabad(New Mandi),2.4,Tonnes,NR,Pomogranate,6400,6500,6450,Rs/Quintal
Sultanpur,3.5,Tonnes,NR,Pomogranate,3800,3850,3820,Rs/Quintal
Unnao,0.5,Tonnes,NR,Pomogranate,4150,4250,4200,Rs/Quintal
Uttrakhand,,,,,,,,
Kashipur,0.5,Tonnes,NR,Other,5800,6000,5900,Rs/Quintal
Manglaur,1,Tonnes,NR,Other,3000,3200,3100,Rs/Quintal
Roorkee,1.5,Tonnes,NR,Other,2000,3500,2800,Rs/Quintal
Vikasnagar,1,Tonnes,NR,Other,4500,4500,4500,Rs/Quintal
West Bengal,,,,,,,,
Mechua,223,Tonnes,NR,Other,5000,7000,6000,Rs/Quintal
,,,NR,Other,4000,6000,5000,Rs/Quintal
,,,NR,Other,3000,5000,4000,Rs/Quintal
Seetafal,,,,,,,,
Maharashtra,,,,,,,,
Nasik,9,Tonnes,NR,Other,700,1800,1350,Rs/Quintal
Pune,1,Tonnes,NR,Other,1000,8000,4200,Rs/Quintal
Tender Coconut,,,,,,,,
Karnataka,,,,,,,,
Channarayapatna,1400,Tonnes,NR,Tender Coconut,10000,10000,10000,Rs/Quintal
Hunsur,600,Tonnes,NR,Tender Coconut,12000,12000,12000,Rs/Quintal
K.R. Pet,4300,Tonnes,NR,Tender Coconut,6000,20000,8000,Rs/Quintal
Maddur,NR,Tonnes,NR,Tender Coconut,5000,23000,10000,Rs/Quintal
Pandavapura,2100,Tonnes,NR,Tender Coconut,6000,14000,9000,Rs/Quintal
Maharashtra,,,,,,,,
Nasik,7,Tonnes,NR,Other,1800,3000,2000,Rs/Quintal
Pune,90,Tonnes,NR,Other,500,1400,1000,Rs/Quintal
Water Melon,,,,,,,,
Goa,,,,,,,,
Mapusa,2,Tonnes,NR,Water Melon,900,1000,950,Rs/Quintal
Gujarat,,,,,,,,
Vadodara(Navapura),30,Tonnes,NR,Other,3000,5000,4000,Rs/Quintal
Haryana,,,,,,,,
Cheeka,0.03,Tonnes,NR,Water Melon,1700,1700,1700,Rs/Quintal
Gurgaon,2.2,Tonnes,NR,Other,1200,1600,1400,Rs/Quintal
Shahabad,0.1,Tonnes,NR,Water Melon,1500,1500,1500,Rs/Quintal
Karnataka,,,,,,,,
"Binny Mill (F&V), Bangalore",66,Tonnes,NR,Water Melon,400,1200,800,Rs/Quintal
Kerala,,,,,,,,
Kottakkal,2,Tonnes,NR,Other,1350,1450,1400,Rs/Quintal
Manjeri,4,Tonnes,NR,Other,800,900,850,Rs/Quintal
Maharashtra,,,,,,,,
Fruit Market,305,Tonnes,NR,Other,600,800,700,Rs/Quintal
Pune,25,Tonnes,NR,Other,300,700,400,Rs/Quintal
NCT of Delhi,,,,,,,,
Azadpur,129.2,Tonnes,NR,Water Melon,600,1000,800,Rs/Quintal
Punjab,,,,,,,,
Batala,2,Tonnes,NR,Other,1800,2400,2200,Rs/Quintal
Rajasthan,,,,,,,,
Alwar(FV),0.1,Tonnes,NR,Other,1800,2600,2100,Rs/Quintal
Sriganganagar(F&V),2,Tonnes,NR,Other,1400,1400,1400,Rs/Quintal
