"Commodity-wise, Market-wise Daily Report on : 01/01/2019 NR : Not Reported",,,,,,,,
,,,,,,,,
Market Center,Arrivals(in tonnes),Unit of Arrivals,Origin,Variety,Minimum Prices(in Rs/quintals),Maximum Prices(in Rs/quintals),Modal Prices(in Rs/quintals),Unit of Price
Oil Seeds,,,,,,,,
Castor Seed,,,,,,,,
Gujarat,,,,,,,,
Amreli,2.3,Tonnes,NR,Other,4725,4850,4850,Rs/Quintal
Bachau,10,Tonnes,NR,Castor seed,5075,5150,5100,Rs/Quintal
Botad,0.4,Tonnes,NR,Other,4500,4550,4525,Rs/Quintal
Dahod,1.3,Tonnes,NR,Castor seed,4500,4650,4600,Rs/Quintal
,,,NR,Other,4300,4400,4350,Rs/Quintal
Dasada Patadi,51.8,Tonnes,NR,Castor seed,5015,5025,5020,Rs/Quintal
Deesa,47,Tonnes,NR,Other,5000,5026,5025,Rs/Quintal
Deesa(Bhildi),12.3,Tonnes,NR,Other,4960,5065,5050,Rs/Quintal
Dehgam,4.4,Tonnes,NR,Other,4975,4980,4977,Rs/Quintal
Dehgam(Rekhiyal),0.1,Tonnes,NR,Other,4600,4850,4725,Rs/Quintal
Dhanera,39,Tonnes,NR,Other,5000,5100,5050,Rs/Quintal
Dhansura,1,Tonnes,NR,Castor seed,4750,4900,4850,Rs/Quintal
Dhoraji,0.5,Tonnes,NR,Castor seed,4305,4780,4730,Rs/Quintal
Gondal,6.3,Tonnes,NR,Castor seed,4505,4855,4780,Rs/Quintal
Halvad,33.64,Tonnes,NR,Other,4750,5060,4900,Rs/Quintal
Himatnagar,1.5,Tonnes,NR,Castor seed,4800,5000,4900,Rs/Quintal
Jam Jodhpur,13.8,Tonnes,NR,Castor seed,4650,5050,4850,Rs/Quintal
Jambusar,0.1,Tonnes,NR,Other,3400,4200,3800,Rs/Quintal
Jambusar(Kaavi),1,Tonnes,NR,Other,3600,4000,3800,Rs/Quintal
Jamnagar,2.2,Tonnes,NR,Other,4000,4865,4433,Rs/Quintal
Jasdan,0.3,Tonnes,NR,Castor seed,3250,3950,3625,Rs/Quintal
K.Mandvi,10.16,Tonnes,NR,Other,4937,4987,4962,Rs/Quintal
Kadi,147,Tonnes,NR,Caster,5025,5075,5050,Rs/Quintal
Kalawad,2.6,Tonnes,NR,Other,4000,4950,4475,Rs/Quintal
Kalol,5.9,Tonnes,NR,Other,4960,5100,5000,Rs/Quintal
Mandal,7.4,Tonnes,NR,Other,4955,5025,4990,Rs/Quintal
Mansa,0.87,Tonnes,NR,Castor seed,4900,5050,5005,Rs/Quintal
Meghraj,NR,Tonnes,NR,Other,4500,4900,4900,Rs/Quintal
Mehsana,5.8,Tonnes,NR,Castor seed,4995,5070,5025,Rs/Quintal
Mehsana(Jornang),2.3,Tonnes,NR,Castor seed,4900,4950,4925,Rs/Quintal
Morbi,1.9,Tonnes,NR,Castor seed,4625,4875,4750,Rs/Quintal
Palanpur,35,Tonnes,NR,Castor seed,4995,5060,5027,Rs/Quintal
Patan,101.3,Tonnes,NR,Other,4950,5130,5040,Rs/Quintal
Radhanpur,322,Tonnes,NR,Caster,4975,5020,5000,Rs/Quintal
Rajkot,10,Tonnes,NR,Caster,4705,4875,4800,Rs/Quintal
Rajula,0.1,Tonnes,NR,Castor seed,4330,4330,4330,Rs/Quintal
Sami,1.8,Tonnes,NR,Other,4850,5050,5025,Rs/Quintal
Sanad,2,Tonnes,NR,Other,4900,5055,4977,Rs/Quintal
Savarkundla,1.5,Tonnes,NR,Castor seed,3850,4510,4180,Rs/Quintal
Siddhpur,69,Tonnes,NR,Castor seed,4950,5140,5045,Rs/Quintal
Talod,8.5,Tonnes,NR,Caster,4975,5120,5048,Rs/Quintal
Thara,92.87,Tonnes,NR,Other,4975,5100,5037,Rs/Quintal
Tharad,15.5,Tonnes,NR,Other,4900,5025,4962,Rs/Quintal
Tharad(Rah),1.2,Tonnes,NR,Other,4800,4925,4862,Rs/Quintal
Unava,12.5,Tonnes,NR,Other,5055,5105,5075,Rs/Quintal
Upleta,9,Tonnes,NR,Castor seed,4750,5000,4850,Rs/Quintal
Vav,0.68,Tonnes,NR,Other,4925,4960,4942,Rs/Quintal
Visavadar,1.96,Tonnes,NR,Other,4500,5000,4750,Rs/Quintal
Visnagar,63.9,Tonnes,NR,Other,4940,5087,5013,Rs/Quintal
Rajasthan,,,,,,,,
Jodhpur (Grain)(Mandor),0.2,Tonnes,NR,Other,5500,5700,5600,Rs/Quintal
Nohar,20.2,Tonnes,NR,Other,4930,4930,4930,Rs/Quintal
Sumerpur,75.5,Tonnes,NR,Castor seed,4889,4935,4910,Rs/Quintal
Coconut Seed,,,,,,,,
Kerala,,,,,,,,
Kanjangadu,5,Tonnes,NR,Other,3500,3800,3600,Rs/Quintal
Kuthuparambu,4.3,Tonnes,NR,Other,3600,4000,3800,Rs/Quintal
Kuttoor,2,Tonnes,NR,Other,3100,3400,3300,Rs/Quintal
Manjeswaram,25,Tonnes,NR,Other,3700,3800,3750,Rs/Quintal
Moovattupuzha,3,Tonnes,NR,Other,4350,4600,4450,Rs/Quintal
Mukkom,5,Tonnes,NR,Other,2000,2400,2200,Rs/Quintal
Palayam,10,Tonnes,NR,Other,3200,3400,3300,Rs/Quintal
vadakarapathy,3,Tonnes,NR,Other,2700,2900,2800,Rs/Quintal
Tamil Nadu,,,,,,,,
Bargur,NR,Tonnes,NR,Other,1050,1350,1200,Rs/Quintal
Kambainallur,NR,Tonnes,NR,Other,1400,1800,1750,Rs/Quintal
Krishnagiri,NR,Tonnes,NR,Other,900,1100,1000,Rs/Quintal
Pochampalli,NR,Tonnes,NR,Other,1050,1400,1200,Rs/Quintal
Uthangarai,NR,Tonnes,NR,Other,1100,1400,1250,Rs/Quintal
Copra,,,,,,,,
Goa,,,,,,,,
Canacona,1.46,Tonnes,NR,Copra,6000,9800,7900,Rs/Quintal
Gujarat,,,,,,,,
Vadodara,6.84,Tonnes,NR,other,18000,19000,19000,Rs/Quintal
Karnataka,,,,,,,,
Arasikere,11,Tonnes,NR,Copra,15000,16810,16805,Rs/Quintal
Channarayapatna,36,Tonnes,NR,Ball,16000,17000,17000,Rs/Quintal
Gubbi,19,Tonnes,NR,Ball,15000,15600,15000,Rs/Quintal
,,,NR,other,9500,9500,9500,Rs/Quintal
Huliyar,23,Tonnes,NR,Ball,16200,16600,16500,Rs/Quintal
,,,NR,other,12400,12800,12500,Rs/Quintal
K.R. Pet,6,Tonnes,NR,Copra,15000,16500,16500,Rs/Quintal
Nagamangala,19,Tonnes,NR,Medium,16500,16500,16500,Rs/Quintal
,,,NR,other,10000,10000,10000,Rs/Quintal
Tiptur,138,Tonnes,NR,Copra,15000,17200,16500,Rs/Quintal
,,,NR,other,5400,13300,10000,Rs/Quintal
Tumkur,8,Tonnes,NR,other,6500,7300,6800,Rs/Quintal
Kerala,,,,,,,,
Kanjangadu,2,Tonnes,NR,other,9600,10000,9800,Rs/Quintal
Kuthuparambu,3.4,Tonnes,NR,other,11800,12500,12000,Rs/Quintal
Manjeswaram,10,Tonnes,NR,Copra,10500,10600,10550,Rs/Quintal
Neeleswaram,2,Tonnes,NR,other,9400,9600,9500,Rs/Quintal
Payyannur,0.45,Tonnes,NR,other,10400,10600,10500,Rs/Quintal
Taliparamba,0.7,Tonnes,NR,other,10200,10600,10400,Rs/Quintal
Thodupuzha,12,Tonnes,NR,other,11800,12000,12000,Rs/Quintal
Tamil Nadu,,,,,,,,
Anaimalai,15.84,Tonnes,NR,other,11500,12400,11900,Rs/Quintal
Madathukulam,NR,Tonnes,NR,Ball,11625,11800,11700,Rs/Quintal
Udumalpet,NR,Tonnes,NR,other,10400,10800,10600,Rs/Quintal
Cotton Seed,,,,,,,,
Rajasthan,,,,,,,,
Kama,1.2,Tonnes,NR,Other,5352,5352,5352,Rs/Quintal
Ground Nut Seed,,,,,,,,
Gujarat,,,,,,,,
Amreli,0.1,Tonnes,NR,Other,4875,4875,4875,Rs/Quintal
Porbandar,0.3,Tonnes,NR,Ground Nut Seed,4150,4275,4210,Rs/Quintal
Rajkot,2,Tonnes,NR,Ground Nut Seed,5200,5875,5500,Rs/Quintal
Vadodara,5.88,Tonnes,NR,Other,5000,6000,6000,Rs/Quintal
Visavadar,0.08,Tonnes,NR,Ground Nut Seed,4260,4570,4415,Rs/Quintal
Karnataka,,,,,,,,
Bangalore,15,Tonnes,NR,Ground Nut Seed,9500,10000,9750,Rs/Quintal
Mysore (Bandipalya),44,Tonnes,NR,Ground Nut Seed,7600,10000,8800,Rs/Quintal
Rajasthan,,,,,,,,
Sri Madhopur,87.8,Tonnes,NR,Other,3410,6100,4755,Rs/Quintal
Uttar Pradesh,,,,,,,,
Tanda,8.5,Tonnes,NR,Ground Nut Seed,5000,7000,6000,Rs/Quintal
Groundnut,,,,,,,,
Chattisgarh,,,,,,,,
Pratappur,2,Tonnes,NR,Other,4900,4900,4900,Rs/Quintal
Gujarat,,,,,,,,
Amreli,70.5,Tonnes,NR,Big (With Shell),2505,4555,3950,Rs/Quintal
Bayad,2.8,Tonnes,NR,Other,4890,5000,5000,Rs/Quintal
Bhavnagar,78.5,Tonnes,NR,G20,4070,4300,4150,Rs/Quintal
,,,NR,Other,3750,4325,4000,Rs/Quintal
Bhiloda,2,Tonnes,NR,Other,3700,5000,4350,Rs/Quintal
Dahod,0.9,Tonnes,NR,Other,3700,4200,4000,Rs/Quintal
Deesa,156.2,Tonnes,NR,Other,3500,4180,4000,Rs/Quintal
Deesa(Bhildi),70.1,Tonnes,NR,Other,3250,4200,4055,Rs/Quintal
Dhanera,117,Tonnes,NR,Other,3000,4245,3622,Rs/Quintal
Dhari,44.16,Tonnes,NR,Bold,5000,5000,5000,Rs/Quintal
Dhoraji,5.3,Tonnes,NR,G20,3730,4255,4155,Rs/Quintal
Dhrol,13.9,Tonnes,NR,Other,3150,4300,3725,Rs/Quintal
Gondal,506.4,Tonnes,NR,Bold Kernel,3730,4980,4330,Rs/Quintal
,,,NR,G20,3150,4655,4005,Rs/Quintal
Halvad,4.6,Tonnes,NR,Other,3650,4200,3850,Rs/Quintal
Himatnagar,55.3,Tonnes,NR,JL-24,4250,4960,4600,Rs/Quintal
Jam Jodhpur,150,Tonnes,NR,G20,2500,4350,3400,Rs/Quintal
,,,NR,M-37,3000,4300,3650,Rs/Quintal
Jamnagar,91.1,Tonnes,NR,Other,3350,4385,3868,Rs/Quintal
Jasdan,48,Tonnes,NR,Bold,3575,4215,3875,Rs/Quintal
,,,NR,G20,3250,4400,3900,Rs/Quintal
Junagadh,110.4,Tonnes,NR,Bold,3500,4370,4000,Rs/Quintal
,,,NR,Local,3750,4360,4100,Rs/Quintal
K.Mandvi,14.38,Tonnes,NR,Other,5000,5000,5000,Rs/Quintal
Kalawad,65.9,Tonnes,NR,Other,3000,4355,3677,Rs/Quintal
Kapadvanj,0.6,Tonnes,NR,Balli/Habbu,4000,4250,4150,Rs/Quintal
Khedbrahma,2,Tonnes,NR,Other,3625,3850,3737,Rs/Quintal
Mahuva(Station Road),59.5,Tonnes,NR,Bold,4125,4565,4300,Rs/Quintal
,,,NR,G20,3655,4500,4200,Rs/Quintal
Mandvi,0.04,Tonnes,NR,Other,4000,4000,4000,Rs/Quintal
Mangrol,41,Tonnes,NR,G20,5000,5000,5000,Rs/Quintal
,,,NR,Local,5000,5000,5000,Rs/Quintal
Meghraj,6,Tonnes,NR,Other,5000,5000,5000,Rs/Quintal
Modasa,18.4,Tonnes,NR,Local,3750,4400,4150,Rs/Quintal
Modasa(Tintoi),6.5,Tonnes,NR,G20,3650,4125,3900,Rs/Quintal
Morbi,4.9,Tonnes,NR,Other,2000,4655,3327.5,Rs/Quintal
Palanpur,124,Tonnes,NR,Groundnut seed,3500,4400,3950,Rs/Quintal
Porbandar,27.8,Tonnes,NR,Bold,3500,4150,3825,Rs/Quintal
Rajkot,150,Tonnes,NR,Bold,3600,4475,4200,Rs/Quintal
,,,NR,G20,3800,4400,4000,Rs/Quintal
Rajula,0.8,Tonnes,NR,Local,3150,3500,3325,Rs/Quintal
S.Mandvi,0.04,Tonnes,NR,Other,4000,4000,4000,Rs/Quintal
Savarkundla,36.5,Tonnes,NR,Big (With Shell),3500,5000,4250,Rs/Quintal
,,,NR,Bold,3750,5000,4375,Rs/Quintal
Talod,13.4,Tonnes,NR,Other,3625,4525,4075,Rs/Quintal
Upleta,7.3,Tonnes,NR,G20,3600,4300,4000,Rs/Quintal
Vadgam,1.6,Tonnes,NR,Other,3950,4000,3975,Rs/Quintal
Vankaner,2,Tonnes,NR,Other,3350,4500,3900,Rs/Quintal
Visavadar,28.02,Tonnes,NR,Other,3575,4315,3945,Rs/Quintal
Vyra,0.14,Tonnes,NR,Local,4000,4500,4250,Rs/Quintal
Haryana,,,,,,,,
Ellanabad,6.5,Tonnes,NR,Other,2925,3195,2925,Rs/Quintal
Ganaur,5,Tonnes,NR,Other,5000,6000,5500,Rs/Quintal
Karnataka,,,,,,,,
Bagalakot,NR,Tonnes,NR,Gejje,4389,4389,4389,Rs/Quintal
Bangalore,3,Tonnes,NR,Big (With Shell),5100,5200,5150,Rs/Quintal
Gadag,5,Tonnes,NR,Balli/Habbu,2428,3769,3029,Rs/Quintal
,,,NR,Gejje,2319,3869,3280,Rs/Quintal
Hubli (Amaragol),NR,Tonnes,NR,Gejje,4119,4119,4119,Rs/Quintal
Koppal,1,Tonnes,NR,Gejje,4459,4919,4761,Rs/Quintal
Kottur,40,Tonnes,NR,Natte,3576,5109,4210,Rs/Quintal
Laxmeshwar,12,Tonnes,NR,Balli/Habbu,2608,4194,3388,Rs/Quintal
Mundaragi,9,Tonnes,NR,Gejje,2769,4559,3524,Rs/Quintal
Mysore (Bandipalya),NR,Tonnes,NR,Other,3207,3207,3207,Rs/Quintal
Raichur,1,Tonnes,NR,Gungri (With Shell),3767,4556,4556,Rs/Quintal
Rona,NR,Tonnes,NR,Gejje,2869,3779,3292,Rs/Quintal
Madhya Pradesh,,,,,,,,
Barad,2.63,Tonnes,NR,Local,3090,4150,3380,Rs/Quintal
Datia,15,Tonnes,NR,Local,3400,3750,3650,Rs/Quintal
Harpalpur,4.3,Tonnes,NR,Balli/Habbu,3490,3500,3495,Rs/Quintal
Kolaras,5,Tonnes,NR,Other,3180,4580,4200,Rs/Quintal
Naugaon,175.59,Tonnes,NR,Groundnut seed,3200,3400,3300,Rs/Quintal
Neemuch,139.5,Tonnes,NR,Bold Kernel,3950,4545,4201,Rs/Quintal
Pichhour,420,Tonnes,NR,Other,1890,1930,1910,Rs/Quintal
Pohari,1.1,Tonnes,NR,Other,3155,4600,3310,Rs/Quintal
Maharashtra,,,,,,,,
Amalner,NR,Tonnes,NR,Other,5025,5025,5025,Rs/Quintal
Amarawati,NR,Tonnes,NR,Other,5000,5500,5250,Rs/Quintal
Kalvan,NR,Tonnes,NR,Other,5100,5100,5100,Rs/Quintal
Nasik,1,Tonnes,NR,Other,5000,6500,5500,Rs/Quintal
Shirpur,NR,Tonnes,NR,Other,4451,4451,4451,Rs/Quintal
Rajasthan,,,,,,,,
Badrisadri,4,Tonnes,NR,Other,3600,3931,3768,Rs/Quintal
Bhilwara,3.1,Tonnes,NR,Other,4000,4500,4250,Rs/Quintal
Bikaner (Grain),1527.6,Tonnes,NR,Other,3060,4301,3681,Rs/Quintal
Chaksu,1.1,Tonnes,NR,Other,4150,4150,4150,Rs/Quintal
Chomu,282.9,Tonnes,NR,Other,3670,4590,4000,Rs/Quintal
Jaipur(Grain)(Chandpole),21,Tonnes,NR,Other,4000,5200,4600,Rs/Quintal
Jodhpur (Grain)(Mandor),2.8,Tonnes,NR,Other,3700,3900,3800,Rs/Quintal
Jodhpur(Grain)(Phalodi),3.3,Tonnes,NR,Other,3500,4150,3825,Rs/Quintal
Lunkaransar,40.85,Tonnes,NR,Other,3850,4180,4015,Rs/Quintal
Nimbahera,30,Tonnes,NR,Other,3000,4060,3800,Rs/Quintal
Niwai,18.8,Tonnes,NR,Other,4100,4250,4175,Rs/Quintal
Nohar,16.2,Tonnes,NR,Other,3695,3695,3695,Rs/Quintal
Nokha,56.3,Tonnes,NR,Other,3100,4012,3556,Rs/Quintal
Rawatsar,14.6,Tonnes,NR,Other,2900,3912,3711,Rs/Quintal
Sanchor,58,Tonnes,NR,Balli/Habbu,4890,4890,4890,Rs/Quintal
Sardar Shahar,59.9,Tonnes,NR,Other,3400,4150,3900,Rs/Quintal
Sri Vijayanagar,0.4,Tonnes,NR,Other,3151,3151,3151,Rs/Quintal
Sridungargarh,4.5,Tonnes,NR,Other,3600,3700,3650,Rs/Quintal
Tamil Nadu,,,,,,,,
Kodumudi,1.5,Tonnes,NR,Other,4160,5126,4900,Rs/Quintal
Krishnagiri,NR,Tonnes,NR,Other,3600,4900,4900,Rs/Quintal
Pennagaram,NR,Tonnes,NR,Other,4900,5200,5000,Rs/Quintal
Uttar Pradesh,,,,,,,,
Allahabad,2.5,Tonnes,NR,Groundnut seed,5000,5200,5100,Rs/Quintal
Bijnaur,1.8,Tonnes,NR,Groundnut seed,4840,4970,4900,Rs/Quintal
Lalitpur,2,Tonnes,NR,Bold,4100,4475,4320,Rs/Quintal
Madhoganj,16,Tonnes,NR,Local,4300,4400,4350,Rs/Quintal
Mauranipur,96,Tonnes,NR,Local,4650,4850,4750,Rs/Quintal
Nanuta,2,Tonnes,NR,Hybrid,4900,5200,5100,Rs/Quintal
Rampur,25,Tonnes,NR,Local,5060,5150,5100,Rs/Quintal
Samsabad,3,Tonnes,NR,Local,4800,4900,4850,Rs/Quintal
Uttrakhand,,,,,,,,
Lakshar,6.5,Tonnes,NR,Other,4890,5200,4900,Rs/Quintal
West Bengal,,,,,,,,
Gajol,31.6,Tonnes,NR,Balli/Habbu,4450,4550,4500,Rs/Quintal
Groundnut (Split),,,,,,,,
Gujarat,,,,,,,,
Junagadh,2.9,Tonnes,NR,Groundnut(Split),3750,4520,4250,Rs/Quintal
Linseed,,,,,,,,
Madhya Pradesh,,,,,,,,
Daloda,5.3,Tonnes,NR,Other,4000,4150,4050,Rs/Quintal
Dindori,7.7,Tonnes,NR,Linseed,3700,3700,3700,Rs/Quintal
Katni,0.5,Tonnes,NR,Other,3850,3850,3850,Rs/Quintal
Manasa,18,Tonnes,NR,Other,3810,4001,3905,Rs/Quintal
Mandsaur,40,Tonnes,NR,Other,3840,4190,4010,Rs/Quintal
Neemuch,2.5,Tonnes,NR,Linseed,4000,4100,4050,Rs/Quintal
Piplya,1.4,Tonnes,NR,Other,4000,4140,4100,Rs/Quintal
Rewa,0.5,Tonnes,NR,Other,3861,3861,3861,Rs/Quintal
Sagar,0.2,Tonnes,NR,Other,3600,4000,3900,Rs/Quintal
Maharashtra,,,,,,,,
Amarawati,NR,Tonnes,NR,Other,4500,4600,4550,Rs/Quintal
Rajasthan,,,,,,,,
Pratapgarh,2.9,Tonnes,NR,Other,3750,4111,3930,Rs/Quintal
Uttar Pradesh,,,,,,,,
Baberu,2.2,Tonnes,NR,Linseed,4080,4260,4175,Rs/Quintal
Bharuasumerpur,1.5,Tonnes,NR,Linseed,4000,4200,4100,Rs/Quintal
Kanpur(Grain),45,Tonnes,NR,Linseed,4200,4400,4315,Rs/Quintal
Karvi,3,Tonnes,NR,Linseed,4165,4250,4200,Rs/Quintal
Madhoganj,0.5,Tonnes,NR,Linseed,10100,10300,10200,Rs/Quintal
Maudaha,0.8,Tonnes,NR,Linseed,4025,4250,4125,Rs/Quintal
Varanasi(Grain),11,Tonnes,NR,Linseed,4050,4080,4070,Rs/Quintal
Mustard,,,,,,,,
Chattisgarh,,,,,,,,
Bhatapara,0.1,Tonnes,NR,Other,3500,3500,3500,Rs/Quintal
Gujarat,,,,,,,,
Deesa,7.4,Tonnes,NR,Other,3500,3530,3525,Rs/Quintal
Dhanera,15,Tonnes,NR,Other,3405,3600,3502,Rs/Quintal
Jasdan,0.1,Tonnes,NR,Mustard,4130,4130,4130,Rs/Quintal
Mehsana,5.6,Tonnes,NR,Mustard,3540,3650,3610,Rs/Quintal
Patan,23.8,Tonnes,NR,Other,3450,3670,3560,Rs/Quintal
Rajula,0.1,Tonnes,NR,Mustard,6100,6100,6100,Rs/Quintal
Tharad,26.3,Tonnes,NR,Other,3575,3660,3615,Rs/Quintal
Tharad(Rah),2.5,Tonnes,NR,Other,3600,3760,3680,Rs/Quintal
Unjha,11.9,Tonnes,NR,Mustard,3565,3850,3625,Rs/Quintal
Visnagar,8.4,Tonnes,NR,Other,3525,3670,3597,Rs/Quintal
Jharkhand,,,,,,,,
Khunti,NR,Tonnes,NR,Other,4400,4800,4600,Rs/Quintal
Karnataka,,,,,,,,
Bangalore,14,Tonnes,NR,Other,5200,5800,5500,Rs/Quintal
Madhya Pradesh,,,,,,,,
Ashta,0.3,Tonnes,NR,Other,3352,3352,3352,Rs/Quintal
Baikunthpur,1.24,Tonnes,NR,Mustard,3491,3498,3498,Rs/Quintal
Daloda,0.9,Tonnes,NR,Mustard,3400,3500,3450,Rs/Quintal
Gorakhpur,26.13,Tonnes,NR,Mustard,2950,3000,2975,Rs/Quintal
Guna,1,Tonnes,NR,Other,3385,3385,3385,Rs/Quintal
Indore,0.1,Tonnes,NR,Big 100 Kg,3825,3825,3825,Rs/Quintal
Jaora,2.6,Tonnes,NR,Other,3351,3481,3400,Rs/Quintal
Kailaras,3.5,Tonnes,NR,Sarson(Black),3750,3790,3784,Rs/Quintal
Kalapipal,0.01,Tonnes,NR,Other,4000,4000,4000,Rs/Quintal
Katni,0.4,Tonnes,NR,Other,3440,3440,3440,Rs/Quintal
Lahar,0.2,Tonnes,NR,Other,3714,3714,3714,Rs/Quintal
LavKush Nagar(Laundi),8.4,Tonnes,NR,Mustard,3630,3670,3650,Rs/Quintal
Manasa,11,Tonnes,NR,Other,3200,3540,3370,Rs/Quintal
Mandsaur,20,Tonnes,NR,Other,3380,3661,3520,Rs/Quintal
Morena,2.6,Tonnes,NR,Sarson(Black),3695,3735,3735,Rs/Quintal
Mow,0.5,Tonnes,NR,Other,3800,3800,3800,Rs/Quintal
Naugaon,1.96,Tonnes,NR,Other,3400,3600,3500,Rs/Quintal
Neemuch,21,Tonnes,NR,Yellow (Black),3591,3701,3600,Rs/Quintal
Piplya,1.1,Tonnes,NR,Sarson(Black),3601,3601,3601,Rs/Quintal
Pohari,0.3,Tonnes,NR,Sarson(Black),3515,3515,3515,Rs/Quintal
Ratlam,0.1,Tonnes,NR,Other,3650,3650,3650,Rs/Quintal
Rewa,0.3,Tonnes,NR,Other,3480,3515,3497,Rs/Quintal
Sagar,2.1,Tonnes,NR,Other,3500,3600,3550,Rs/Quintal
Taal,0.63,Tonnes,NR,Mustard,3485,3485,3485,Rs/Quintal
Vidisha,0.1,Tonnes,NR,Mustard,2800,3750,3620,Rs/Quintal
NCT of Delhi,,,,,,,,
Najafgarh,1.5,Tonnes,NR,Big 100 Kg,3700,3886,3793,Rs/Quintal
Rajasthan,,,,,,,,
Alwar,20.4,Tonnes,NR,Other,3650,4000,3850,Rs/Quintal
Atru,13.5,Tonnes,NR,Other,3565,3670,3617,Rs/Quintal
Atru(Kawai Salpura),12.6,Tonnes,NR,Other,3711,3790,3751,Rs/Quintal
Badrisadri,0.5,Tonnes,NR,Other,3501,3555,3527,Rs/Quintal
Baran,68,Tonnes,NR,Other,3520,3676,3601,Rs/Quintal
Bayana,22.2,Tonnes,NR,Mustard,3450,3450,3450,Rs/Quintal
Beawar,1.2,Tonnes,NR,Other,3600,3700,3650,Rs/Quintal
Bharatpur,84.8,Tonnes,NR,Other,3420,3921,3671,Rs/Quintal
Bhawani Mandi,2.5,Tonnes,NR,Other,3500,3591,3545,Rs/Quintal
Chaksu,12.4,Tonnes,NR,Other,3200,3925,3600,Rs/Quintal
Dausa,2.7,Tonnes,NR,Other,3400,3590,3495,Rs/Quintal
Deeg,7,Tonnes,NR,Other,3526,3789,3778,Rs/Quintal
DEI(Bundi),1,Tonnes,NR,Other,3060,3640,3350,Rs/Quintal
Deoli,2.5,Tonnes,NR,Other,3000,3670,3335,Rs/Quintal
Gangapur City,76.3,Tonnes,NR,Other,3553,3877,3715,Rs/Quintal
Gangapurcity(Old Lal mandi),11.6,Tonnes,NR,Other,3420,3515,3468,Rs/Quintal
Hindoun,14.3,Tonnes,NR,Other,3469,3840,3655,Rs/Quintal
Itawa,2.1,Tonnes,NR,Other,3701,3701,3701,Rs/Quintal
Jodhpur (Grain)(Mandor),2.4,Tonnes,NR,Other,3500,3800,3650,Rs/Quintal
Kekri,5.5,Tonnes,NR,Other,3650,4020,3890,Rs/Quintal
Khairthal,47.4,Tonnes,NR,Other,3600,3800,3700,Rs/Quintal
Khajuwala,0.8,Tonnes,NR,Other,3541,3541,3541,Rs/Quintal
Khanpur,35.4,Tonnes,NR,Other,3641,3665,3665,Rs/Quintal
Khedli(laxmangarh),3,Tonnes,NR,Other,3600,3900,3800,Rs/Quintal
Kherli,53.3,Tonnes,NR,Other,3500,3910,3675,Rs/Quintal
Kota,72.5,Tonnes,NR,Other,3484,3661,3550,Rs/Quintal
Kotputli,2,Tonnes,NR,Mustard,3600,3800,3700,Rs/Quintal
Lalsot(Mandabari),11,Tonnes,NR,Other,3668,3775,3721,Rs/Quintal
Mahua Mandabar(Mahua),28.1,Tonnes,NR,Other,3400,3874,3637,Rs/Quintal
Mahuwa Mandawar,12.9,Tonnes,NR,Other,3540,3834,3625,Rs/Quintal
Merta City,0.4,Tonnes,NR,Other,3300,3300,3300,Rs/Quintal
Nadwai,23,Tonnes,NR,Other,3682,3915,3715,Rs/Quintal
Nagar,12.5,Tonnes,NR,Other,3620,3820,3720,Rs/Quintal
Nimbahera,9,Tonnes,NR,Other,3500,3560,3520,Rs/Quintal
Niwai,50.6,Tonnes,NR,Other,3600,3800,3700,Rs/Quintal
Padampur,0.3,Tonnes,NR,Other,3600,3600,3600,Rs/Quintal
Pilli Banga,1,Tonnes,NR,Mustard,3615,3615,3615,Rs/Quintal
Pratapgarh,0.2,Tonnes,NR,Other,3400,3450,3425,Rs/Quintal
Raisingh Nagar,3,Tonnes,NR,Other,3400,3581,3532,Rs/Quintal
Ramaganj Mandi,3.3,Tonnes,NR,Other,3421,3516,3470,Rs/Quintal
Rawla,0.1,Tonnes,NR,Other,3521,3521,3521,Rs/Quintal
Sawai Madhopur,9.7,Tonnes,NR,Other,3550,3660,3660,Rs/Quintal
Sri Vijayanagar,0.3,Tonnes,NR,Other,3550,3550,3550,Rs/Quintal
Sriganganagar,3.5,Tonnes,NR,Other,3511,3611,3611,Rs/Quintal
Tonk,105.3,Tonnes,NR,Mustard,3464,3665,3564,Rs/Quintal
Uniyara,3,Tonnes,NR,Other,3681,3681,3681,Rs/Quintal
Uttar Pradesh,,,,,,,,
Achalda,3,Tonnes,NR,Lohi Black,3500,3800,3600,Rs/Quintal
Achnera,3.5,Tonnes,NR,Sarson(Black),3600,3800,3700,Rs/Quintal
Agra,192,Tonnes,NR,Sarson(Black),3950,4150,4050,Rs/Quintal
Ajuha,1.2,Tonnes,NR,Lohi Black,3775,3850,3800,Rs/Quintal
Aligarh,45,Tonnes,NR,Sarson(Black),3650,3750,3700,Rs/Quintal
Auraiya,2,Tonnes,NR,Lohi Black,3600,3800,3700,Rs/Quintal
Azamgarh,3.8,Tonnes,NR,Lohi Black,4000,4100,4060,Rs/Quintal
Baberu,4.8,Tonnes,NR,Lohi Black,3540,3720,3625,Rs/Quintal
Badayoun,6,Tonnes,NR,Sarson(Black),3850,4000,3970,Rs/Quintal
Bahraich,1.8,Tonnes,NR,Sarson(Black),3550,4000,3770,Rs/Quintal
Ballia,3,Tonnes,NR,Sarson(Black),4000,4100,4040,Rs/Quintal
Bangarmau,1.4,Tonnes,NR,Lohi Black,3750,3850,3800,Rs/Quintal
Barabanki,15,Tonnes,NR,Sarson(Black),3700,3840,3800,Rs/Quintal
Bareilly,3.5,Tonnes,NR,Sarson(Black),4125,4250,4200,Rs/Quintal
Barhaj,20,Tonnes,NR,Mustard,4020,4040,4030,Rs/Quintal
Basti,1.4,Tonnes,NR,Lohi Black,4000,4050,4015,Rs/Quintal
Bharthna,2,Tonnes,NR,Lohi Black,3800,3900,3850,Rs/Quintal
Bharuasumerpur,5,Tonnes,NR,Mustard,3600,3800,3700,Rs/Quintal
Bijnaur,1.2,Tonnes,NR,Sarson(Black),4000,4100,4060,Rs/Quintal
Bilsi,3.8,Tonnes,NR,Sarson(Black),3900,4100,4000,Rs/Quintal
Buland Shahr,0.8,Tonnes,NR,Lohi Black,3700,4000,3830,Rs/Quintal
Chandausi,10,Tonnes,NR,Sarson(Black),4165,4260,4210,Rs/Quintal
Chandoli,0.6,Tonnes,NR,Lohi Black,3910,4000,3955,Rs/Quintal
Charra,6,Tonnes,NR,Sarson(Black),3670,3770,3720,Rs/Quintal
Chhibramau(Kannuj),1.2,Tonnes,NR,Lohi Black,3700,3900,3800,Rs/Quintal
Choubepur,4,Tonnes,NR,Lohi Black,4015,4115,4065,Rs/Quintal
Dadri,0.2,Tonnes,NR,Sarson(Black),4200,4300,4250,Rs/Quintal
Devariya,2.2,Tonnes,NR,Lohi Black,4050,4080,4070,Rs/Quintal
Divai,3.6,Tonnes,NR,Laha(Sarsib),3380,3400,3390,Rs/Quintal
Etawah,3,Tonnes,NR,Lohi Black,3600,3900,3750,Rs/Quintal
Faizabad,2.5,Tonnes,NR,Sarson(Black),3835,3860,3850,Rs/Quintal
Farukhabad,1,Tonnes,NR,Sarson(Black),3800,3840,3820,Rs/Quintal
Fatehabad,22,Tonnes,NR,Sarson(Black),3800,3850,3820,Rs/Quintal
Fatehpur,1,Tonnes,NR,Lohi Black,4000,4100,4050,Rs/Quintal
Fatehpur Sikri,4,Tonnes,NR,Sarson(Black),3790,3840,3810,Rs/Quintal
Gadaura,0.6,Tonnes,NR,Lohi Black,4000,4200,4100,Rs/Quintal
Gazipur,7,Tonnes,NR,Sarson(Black),3950,4100,4000,Rs/Quintal
Gonda,2.8,Tonnes,NR,Sarson(Black),3720,3795,3750,Rs/Quintal
Gurusarai,1.5,Tonnes,NR,Sarson(Black),3550,3650,3600,Rs/Quintal
Hapur,30,Tonnes,NR,Mustard,4100,4350,4200,Rs/Quintal
Hardoi,8,Tonnes,NR,Sarson(Black),3840,3860,3850,Rs/Quintal
Jafarganj,0.2,Tonnes,NR,Sarson(Black),3350,3500,3400,Rs/Quintal
Jagnair,6,Tonnes,NR,Sarson(Black),3550,3750,3650,Rs/Quintal
Jahangirabad,1,Tonnes,NR,Sarson(Black),3900,3950,3925,Rs/Quintal
Jalaun,3.7,Tonnes,NR,Lohi Black,3560,3620,3600,Rs/Quintal
Jaunpur,5.4,Tonnes,NR,Lohi Black,4030,4070,4050,Rs/Quintal
Jhijhank,0.3,Tonnes,NR,Sarson(Black),3800,4000,3900,Rs/Quintal
Kanpur(Grain),70,Tonnes,NR,Sarson(Black),4100,4300,4200,Rs/Quintal
Karvi,10,Tonnes,NR,Lohi Black,3580,3650,3620,Rs/Quintal
Kasganj,8,Tonnes,NR,Sarson(Black),3600,3720,3650,Rs/Quintal
Kayamganj,2.5,Tonnes,NR,Lohi Black,3720,3740,3730,Rs/Quintal
Khair,10,Tonnes,NR,Sarson(Black),3660,3750,3700,Rs/Quintal
Khairagarh,13,Tonnes,NR,Sarson(Black),3600,3800,3700,Rs/Quintal
Khurja,0.2,Tonnes,NR,Sarson(Black),3775,3900,3825,Rs/Quintal
Lakhimpur,20,Tonnes,NR,Sarson(Black),3820,3900,3850,Rs/Quintal
Lalitpur,180,Tonnes,NR,Sarson(Black),3400,3800,3700,Rs/Quintal
Lucknow,54,Tonnes,NR,Lohi Black,3750,3850,3800,Rs/Quintal
Madhoganj,1.6,Tonnes,NR,Lohi Black,4000,4050,4030,Rs/Quintal
Maharajganj,2,Tonnes,NR,Sarson(Black),4000,4000,4000,Rs/Quintal
Mainpuri,1.5,Tonnes,NR,Sarson(Black),3875,3975,3925,Rs/Quintal
Mathura,4,Tonnes,NR,Sarson(Black),3810,4010,3910,Rs/Quintal
Mau(Chitrakut),1,Tonnes,NR,Big 100 Kg,3500,3550,3525,Rs/Quintal
Maudaha,6,Tonnes,NR,Sarson(Black),3600,4000,3675,Rs/Quintal
Mauranipur,2.5,Tonnes,NR,Sarson(Black),3450,3550,3500,Rs/Quintal
Meerut,7.5,Tonnes,NR,Sarson(Black),4050,4250,4180,Rs/Quintal
Mirzapur,1.5,Tonnes,NR,Sarson(Black),4025,4085,4060,Rs/Quintal
Mugrabaadshahpur,2.5,Tonnes,NR,Other,3950,4050,4000,Rs/Quintal
Muskara,8,Tonnes,NR,Sarson(Black),3650,3750,3700,Rs/Quintal
Muzzafarnagar,5,Tonnes,NR,Mustard,4000,4230,4200,Rs/Quintal
Naanpara,0.6,Tonnes,NR,Sarson(Black),3800,3900,3825,Rs/Quintal
Nanuta,0.25,Tonnes,NR,Sarson(Black),3900,4400,4100,Rs/Quintal
Naugarh,0.7,Tonnes,NR,Sarson(Black),4000,4050,4025,Rs/Quintal
Partaval,1,Tonnes,NR,Lohi Black,4100,4175,4155,Rs/Quintal
Pilibhit,3,Tonnes,NR,Lohi Black,4180,4230,4210,Rs/Quintal
Pratapgarh,2,Tonnes,NR,Sarson(Black),3810,3830,3820,Rs/Quintal
Pukhrayan,16,Tonnes,NR,Sarson(Black),4120,4320,4220,Rs/Quintal
Puwaha,8,Tonnes,NR,Lohi Black,4000,4100,4100,Rs/Quintal
Raath,13.5,Tonnes,NR,Lohi Black,3500,3575,3550,Rs/Quintal
Raibareilly,2.2,Tonnes,NR,Sarson(Black),3500,3560,3550,Rs/Quintal
Rampur,3,Tonnes,NR,Sarson(Black),4175,4250,4220,Rs/Quintal
Robertsganj,2.5,Tonnes,NR,Lohi Black,4020,4080,4050,Rs/Quintal
Rura,7,Tonnes,NR,Sarson(Black),3300,3800,3600,Rs/Quintal
Safdarganj,6.6,Tonnes,NR,Lohi Black,3700,3800,3750,Rs/Quintal
Saharanpur,6,Tonnes,NR,Sarson(Black),4160,4230,4190,Rs/Quintal
Sahiyapur,0.6,Tonnes,NR,Lohi Black,3980,4086,4030,Rs/Quintal
Samsabad,219,Tonnes,NR,Sarson(Black),3800,3850,3825,Rs/Quintal
Shahganj,2,Tonnes,NR,Sarson(Black),3980,4050,4010,Rs/Quintal
Shikohabad,1,Tonnes,NR,Sarson(Black),3840,3860,3850,Rs/Quintal
Sitapur,120,Tonnes,NR,Lohi Black,3500,3600,3560,Rs/Quintal
Soharatgarh,0.4,Tonnes,NR,Sarson(Black),4020,4050,4035,Rs/Quintal
Sultanpur,3.2,Tonnes,NR,Mustard,3450,3500,3480,Rs/Quintal
Tundla,6,Tonnes,NR,Lohi Black,3850,3880,3860,Rs/Quintal
Ujhani,2,Tonnes,NR,Sarson(Black),3950,4050,4000,Rs/Quintal
Unnao,1.5,Tonnes,NR,Lohi Black,3800,3900,3850,Rs/Quintal
Varanasi(Grain),40,Tonnes,NR,Sarson(Black),4130,4170,4150,Rs/Quintal
Varipaal,1.7,Tonnes,NR,Mustard,3400,3635,3600,Rs/Quintal
Vishalpur,4,Tonnes,NR,Sarson(Black),4125,4250,4175,Rs/Quintal
West Bengal,,,,,,,,
Asansol,22.6,Tonnes,NR,Other,4350,4450,4400,Rs/Quintal
Baxirhat,0.6,Tonnes,NR,Mustard,3900,4100,4000,Rs/Quintal
Beldanga,25,Tonnes,NR,Yellow (Black),3780,3825,3800,Rs/Quintal
Bishnupur(Bankura),11,Tonnes,NR,Mustard,4100,4300,4200,Rs/Quintal
Burdwan,35,Tonnes,NR,Sarson(Black),4550,4650,4600,Rs/Quintal
Durgapur,23,Tonnes,NR,Other,4650,4750,4700,Rs/Quintal
Gajol,12.3,Tonnes,NR,Mustard,4150,4250,4200,Rs/Quintal
Ghatal,6,Tonnes,NR,Yellow (Black),3950,4100,4050,Rs/Quintal
Guskara(Burdwan),14,Tonnes,NR,Yellow (Black),4150,4250,4200,Rs/Quintal
Indus(Bankura Sadar),3,Tonnes,NR,Mustard,4200,4400,4300,Rs/Quintal
Kandi,1.5,Tonnes,NR,Yellow (Black),4300,4400,4350,Rs/Quintal
Katwa,21.5,Tonnes,NR,Yellow (Black),4150,4250,4200,Rs/Quintal
Khatra,7,Tonnes,NR,Mustard,4100,4300,4200,Rs/Quintal
Nadia,2.3,Tonnes,NR,Yellow (Black),4300,4400,4350,Rs/Quintal
Rampurhat,6,Tonnes,NR,Mustard,4150,4250,4200,Rs/Quintal
Samsi,3.5,Tonnes,NR,Sarson(Black),4150,4250,4200,Rs/Quintal
,,,NR,Yellow (Black),4250,4350,4300,Rs/Quintal
Toofanganj,6,Tonnes,NR,Mustard,3900,4100,4000,Rs/Quintal
Niger Seed (Ramtil),,,,,,,,
Madhya Pradesh,,,,,,,,
Dindori,40,Tonnes,NR,Niger Seed,4600,4600,4600,Rs/Quintal
"Sesamum(Sesame,Gingelly,Til)",,,,,,,,
Gujarat,,,,,,,,
Amreli,10,Tonnes,NR,Black,11950,16815,16815,Rs/Quintal
,,,NR,White,6500,13435,12860,Rs/Quintal
Bachau,0.5,Tonnes,NR,Black,10000,12000,11500,Rs/Quintal
Bhavnagar,1.4,Tonnes,NR,Black,15255,17125,16250,Rs/Quintal
,,,NR,White,11575,12500,12000,Rs/Quintal
Botad,7.6,Tonnes,NR,Black,10250,16680,13465,Rs/Quintal
,,,NR,White,10355,12730,11545,Rs/Quintal
Dahod,0.4,Tonnes,NR,White,10300,11500,11000,Rs/Quintal
Dhanera,0.1,Tonnes,NR,Other,11000,12000,11500,Rs/Quintal
Dhrol,0.5,Tonnes,NR,Other,11425,12100,11765,Rs/Quintal
Gondal,20.2,Tonnes,NR,Black,12880,16855,15955,Rs/Quintal
,,,NR,White,8500,12755,12205,Rs/Quintal
Halvad,4.38,Tonnes,NR,White,10000,12225,11000,Rs/Quintal
Jam Jodhpur,2.56,Tonnes,NR,Black,14500,16200,15350,Rs/Quintal
,,,NR,White,11050,12400,11700,Rs/Quintal
Jamnagar,7.9,Tonnes,NR,Other,10625,13275,11950,Rs/Quintal
Jasdan,2.5,Tonnes,NR,Black,12400,16500,15500,Rs/Quintal
,,,NR,White,10000,12050,11250,Rs/Quintal
Junagadh,3.9,Tonnes,NR,Black,12500,16050,14250,Rs/Quintal
,,,NR,White,10000,12450,11500,Rs/Quintal
K.Mandvi,1.34,Tonnes,NR,Other,11750,11875,11812,Rs/Quintal
Kalawad,0.3,Tonnes,NR,Other,10500,11975,11237,Rs/Quintal
Mahuva(Station Road),1.5,Tonnes,NR,White,11300,12645,12000,Rs/Quintal
Mansa,0.06,Tonnes,NR,White,10750,11355,10900,Rs/Quintal
Morbi,6.4,Tonnes,NR,White,10500,13010,11755,Rs/Quintal
Patan,0.3,Tonnes,NR,Other,8500,11000,9800,Rs/Quintal
Rajkot,30,Tonnes,NR,Black,14350,16375,15500,Rs/Quintal
,,,NR,White,10800,12810,12000,Rs/Quintal
Rajula,0.2,Tonnes,NR,White,11270,12500,11885,Rs/Quintal
Rapar,0.2,Tonnes,NR,Sesame,10075,10075,10075,Rs/Quintal
Savarkundla,1,Tonnes,NR,Black,14505,16260,15383,Rs/Quintal
,,,NR,White,12000,13305,12653,Rs/Quintal
Unjha,31.2,Tonnes,NR,Sesame,10405,15255,11725,Rs/Quintal
Vadodara,2.5,Tonnes,NR,Other,11000,13000,13000,Rs/Quintal
Vankaner,0.8,Tonnes,NR,Other,10875,12365,11750,Rs/Quintal
Visavadar,0.16,Tonnes,NR,Black,14250,15200,14725,Rs/Quintal
,,,NR,White,10120,11860,10990,Rs/Quintal
Karnataka,,,,,,,,
Bangalore,4,Tonnes,NR,Black,10500,12500,11500,Rs/Quintal
Gulbarga,11,Tonnes,NR,White,11105,11602,11304,Rs/Quintal
Madhya Pradesh,,,,,,,,
LavKush Nagar(Laundi),4.7,Tonnes,NR,White,10300,10600,10450,Rs/Quintal
Morena,0.3,Tonnes,NR,Sesame,10300,10300,10300,Rs/Quintal
Neemuch,1.6,Tonnes,NR,White,10000,11200,10500,Rs/Quintal
Sheopurkalan,0.2,Tonnes,NR,White,10001,10001,10001,Rs/Quintal
Vijaypur,2,Tonnes,NR,95/5,9800,10000,10000,Rs/Quintal
Maharashtra,,,,,,,,
Amarawati,NR,Tonnes,NR,Other,11000,14000,12500,Rs/Quintal
Kille Dharur,NR,Tonnes,NR,White,13500,13500,13500,Rs/Quintal
Shegaon,NR,Tonnes,NR,White,11000,11000,11000,Rs/Quintal
Rajasthan,,,,,,,,
Alwar,0.2,Tonnes,NR,Other,10300,10600,10450,Rs/Quintal
Baran,0.8,Tonnes,NR,Other,10000,10500,10000,Rs/Quintal
Bikaner (Grain),1.6,Tonnes,NR,Other,9992,10080,10036,Rs/Quintal
Chaksu,0.3,Tonnes,NR,Other,9525,10850,10000,Rs/Quintal
Dausa,2.6,Tonnes,NR,Other,10400,10870,10635,Rs/Quintal
Deoli,0.2,Tonnes,NR,Other,10000,12000,11000,Rs/Quintal
Gangapur City,10.9,Tonnes,NR,Other,10500,12200,11350,Rs/Quintal
Gangapurcity(Old Lal mandi),0.6,Tonnes,NR,Other,10500,10700,10600,Rs/Quintal
Goluwala,0.5,Tonnes,NR,Other,10800,11070,11070,Rs/Quintal
Hindoun,2.1,Tonnes,NR,Other,10392,11150,10771,Rs/Quintal
Itawa,0.1,Tonnes,NR,Other,10101,10101,10101,Rs/Quintal
Jodhpur (Grain)(Mandor),0.7,Tonnes,NR,Gajjar,7000,13000,10000,Rs/Quintal
Kota,5.5,Tonnes,NR,Other,9101,11401,10000,Rs/Quintal
Lalsot(Mandabari),2.5,Tonnes,NR,Other,10050,10700,10375,Rs/Quintal
Mahuwa Mandawar,0.2,Tonnes,NR,Other,9401,9500,9451,Rs/Quintal
Nagaur,45.9,Tonnes,NR,Other,9700,11000,10500,Rs/Quintal
Nohar,8.5,Tonnes,NR,Other,14000,14000,14000,Rs/Quintal
Nokha,26,Tonnes,NR,Other,10011,13000,11506,Rs/Quintal
Rawatsar,3,Tonnes,NR,Other,9825,14000,13200,Rs/Quintal
Sardar Shahar,38.6,Tonnes,NR,Other,10000,10500,10200,Rs/Quintal
Sawai Madhopur,0.2,Tonnes,NR,Other,10000,10401,10401,Rs/Quintal
Sujangarh(Churu),23.6,Tonnes,NR,Other,10200,10400,10300,Rs/Quintal
Suratgarh,0.2,Tonnes,NR,Black,9301,9301,9301,Rs/Quintal
Uttar Pradesh,,,,,,,,
Bharuasumerpur,1,Tonnes,NR,Whitish,10650,11500,11000,Rs/Quintal
Jhijhank,0.5,Tonnes,NR,White,6049,6249,6149,Rs/Quintal
Lalitpur,20,Tonnes,NR,White,9000,9568,9300,Rs/Quintal
Maudaha,1,Tonnes,NR,White,10400,10900,10700,Rs/Quintal
Mauranipur,4,Tonnes,NR,White,10250,10450,10300,Rs/Quintal
Muskara,3,Tonnes,NR,White,10600,11300,11000,Rs/Quintal
Raath,4.5,Tonnes,NR,White,10700,10900,10800,Rs/Quintal
West Bengal,,,,,,,,
Ghatal,6.5,Tonnes,NR,Red,7300,7500,7400,Rs/Quintal
Guskara(Burdwan),16,Tonnes,NR,Other,6850,6950,6900,Rs/Quintal
Katwa,23,Tonnes,NR,Other,6950,7050,7000,Rs/Quintal
Soyabean,,,,,,,,
Chattisgarh,,,,,,,,
Bhatapara,1.1,Tonnes,NR,Other,2791,2995,2825,Rs/Quintal
Dongargaon,129.8,Tonnes,NR,Local,2980,3401,3283,Rs/Quintal
Khamhariya,20.6,Tonnes,NR,Yellow,3150,3150,3150,Rs/Quintal
Kheragarh,1,Tonnes,NR,Other,2500,2500,2500,Rs/Quintal
Munguli,0.3,Tonnes,NR,Yellow,3200,3200,3200,Rs/Quintal
Gujarat,,,,,,,,
Bhiloda,0.6,Tonnes,NR,Other,3200,3275,3238,Rs/Quintal
Dahod,78.8,Tonnes,NR,Soyabeen,3425,3446,3435,Rs/Quintal
Dhoraji,0.7,Tonnes,NR,Yellow,3030,3180,3105,Rs/Quintal
Gondal,1.1,Tonnes,NR,Yellow,3030,3305,3130,Rs/Quintal
Jam Jodhpur,1.3,Tonnes,NR,Soyabeen,2750,3250,3000,Rs/Quintal
Jhalod,3,Tonnes,NR,Other,3000,3200,3100,Rs/Quintal
Junagadh,25.4,Tonnes,NR,Soyabeen,2930,3370,3250,Rs/Quintal
Khedbrahma,1,Tonnes,NR,Other,3125,3300,3212,Rs/Quintal
Mandvi,0.07,Tonnes,NR,Other,3000,3000,3000,Rs/Quintal
Modasa,3.5,Tonnes,NR,Yellow,3100,3345,3200,Rs/Quintal
S.Mandvi,0.07,Tonnes,NR,Other,3000,3000,3000,Rs/Quintal
Karnataka,,,,,,,,
Bailahongal,16,Tonnes,NR,Local,3200,3346,3300,Rs/Quintal
Bhalki,104,Tonnes,NR,Soyabeen,3270,3380,3343,Rs/Quintal
Bidar,38,Tonnes,NR,Soyabeen,3331,3372,3350,Rs/Quintal
Dharwar,37,Tonnes,NR,Soyabeen,3197,3437,3374,Rs/Quintal
Gulbarga,5,Tonnes,NR,Soyabeen,2652,3152,2876,Rs/Quintal
Hanagal,2,Tonnes,NR,Soyabeen,3210,3210,3210,Rs/Quintal
Hubli (Amaragol),2,Tonnes,NR,Soyabeen,2603,2803,2603,Rs/Quintal
Kalagategi,19,Tonnes,NR,Soyabeen,3200,3300,3250,Rs/Quintal
Shiggauv,5,Tonnes,NR,Soyabeen,3330,3344,3337,Rs/Quintal
Madhya Pradesh,,,,,,,,
A lot,777.31,Tonnes,NR,Yellow,3151,3342,3318,Rs/Quintal
Agar,100,Tonnes,NR,Other,2900,3380,3270,Rs/Quintal
Anjad,7.2,Tonnes,NR,Other,3200,3311,3240,Rs/Quintal
Aron,51.4,Tonnes,NR,Other,2535,3290,3050,Rs/Quintal
Ashoknagar,120.2,Tonnes,NR,Yellow,2800,3340,3189,Rs/Quintal
Ashta,256.5,Tonnes,NR,Yellow,2500,3475,3302,Rs/Quintal
Badamalhera,1.59,Tonnes,NR,Soyabeen,3005,3180,3155,Rs/Quintal
Badarwas,50.7,Tonnes,NR,Soyabeen,2875,3225,3050,Rs/Quintal
Badnagar,630.2,Tonnes,NR,Yellow,3062,3578,3260,Rs/Quintal
Badnawar,604.6,Tonnes,NR,Yellow,2805,3415,3325,Rs/Quintal
Badod,56.7,Tonnes,NR,Yellow,2955,3345,3150,Rs/Quintal
Bamora,9.9,Tonnes,NR,Yellow,2750,3260,3180,Rs/Quintal
Banapura,75.7,Tonnes,NR,Yellow,2601,3249,3229,Rs/Quintal
Banda,20.6,Tonnes,NR,Soyabeen,3025,3200,3160,Rs/Quintal
Barad,10.9,Tonnes,NR,Yellow,3120,3246,3165,Rs/Quintal
Begamganj,47,Tonnes,NR,Other,2700,3220,3150,Rs/Quintal
Berachha,13.2,Tonnes,NR,Other,2980,3206,3150,Rs/Quintal
Berasia,115.6,Tonnes,NR,Soyabeen,2925,3255,3150,Rs/Quintal
,,,NR,Yellow,2925,3255,3150,Rs/Quintal
Betul,88.9,Tonnes,NR,Yellow,3000,3281,3250,Rs/Quintal
Bhikangaon,12.3,Tonnes,NR,Other,3100,3300,3300,Rs/Quintal
Bhopal,60.8,Tonnes,NR,Yellow,2835,3345,3276,Rs/Quintal
Biaora,57,Tonnes,NR,Yellow,3085,3290,3140,Rs/Quintal
Bina,53.4,Tonnes,NR,Yellow,2900,3235,3160,Rs/Quintal
Binaganj,48.42,Tonnes,NR,Other,3060,3280,3150,Rs/Quintal
Burhanpur,21.1,Tonnes,NR,Yellow,2201,3509,3200,Rs/Quintal
Dabra,2,Tonnes,NR,Yellow,3000,3000,3000,Rs/Quintal
Daloda,202.4,Tonnes,NR,Soyabeen,3080,3430,3350,Rs/Quintal
Damoh,25,Tonnes,NR,Yellow,3070,3270,3190,Rs/Quintal
Deori,58,Tonnes,NR,Soyabeen,3050,3399,3399,Rs/Quintal
Dewas,882.5,Tonnes,NR,Other,2800,3375,3200,Rs/Quintal
Dhamnod,16.4,Tonnes,NR,Yellow,3000,3355,3120,Rs/Quintal
Dhar,699.5,Tonnes,NR,Yellow,2700,3462,3250,Rs/Quintal
Gairatganj,14.1,Tonnes,NR,Yellow,3050,3120,3075,Rs/Quintal
Gandhwani,10.2,Tonnes,NR,Yellow,3331,3345,3340,Rs/Quintal
Ganjbasoda,210.1,Tonnes,NR,Yellow,1803,3327,3214,Rs/Quintal
Garhakota,19.8,Tonnes,NR,Yellow,3200,3277,3237,Rs/Quintal
Gautampura,363,Tonnes,NR,Other,2800,3310,3230,Rs/Quintal
Gorakhpur,123.2,Tonnes,NR,Local,3100,3100,3100,Rs/Quintal
Gotegaon,33.7,Tonnes,NR,Yellow,3050,3105,3102,Rs/Quintal
Guna,111.4,Tonnes,NR,Other,3055,3305,3250,Rs/Quintal
Haatpipliya,90.53,Tonnes,NR,Yellow,3060,3311,3186,Rs/Quintal
Harda,540.4,Tonnes,NR,Yellow,2401,3250,3150,Rs/Quintal
Harsood,74.4,Tonnes,NR,Yellow,3200,3325,3310,Rs/Quintal
Indore,477.3,Tonnes,NR,Yellow,2500,3350,3250,Rs/Quintal
Jaora,621.7,Tonnes,NR,Other,3200,3400,3250,Rs/Quintal
Javad,9.1,Tonnes,NR,Other,3213,3425,3223,Rs/Quintal
Jawar,20.6,Tonnes,NR,Soyabeen,2600,3387,3338,Rs/Quintal
Jeerapur,83.2,Tonnes,NR,Yellow,2900,3305,3150,Rs/Quintal
Jhabua,1.5,Tonnes,NR,Yellow,3326,3326,3326,Rs/Quintal
Jobat,1.1,Tonnes,NR,Other,3000,3175,3100,Rs/Quintal
Kailaras,0.5,Tonnes,NR,Yellow,3100,3100,3100,Rs/Quintal
Kalapipal,208.31,Tonnes,NR,Yellow,3000,3310,3150,Rs/Quintal
Kannod,22.5,Tonnes,NR,Soyabeen,3100,3300,3200,Rs/Quintal
Kareli,0.9,Tonnes,NR,Yellow,2400,3200,2800,Rs/Quintal
Karhi,6.53,Tonnes,NR,Other,3275,3275,3275,Rs/Quintal
Kasrawad,9.2,Tonnes,NR,Soyabeen,3230,3255,3240,Rs/Quintal
Khachrod,167.9,Tonnes,NR,Yellow,3171,3512,3388,Rs/Quintal
Khandwa,397.1,Tonnes,NR,Yellow,2997,3350,3275,Rs/Quintal
Khargone,100,Tonnes,NR,Other,3150,3392,3256,Rs/Quintal
Khategaon,1.74,Tonnes,NR,Soyabeen,2800,3300,3000,Rs/Quintal
Khatora,12.1,Tonnes,NR,Other,3080,3160,3100,Rs/Quintal
Khilchipur,42.8,Tonnes,NR,Soyabeen,3155,3275,3170,Rs/Quintal
Khirakiya,179.9,Tonnes,NR,Yellow,2900,3302,3256,Rs/Quintal
Kolaras,23.1,Tonnes,NR,Other,3042,3263,3178,Rs/Quintal
Kukshi,50.34,Tonnes,NR,Yellow,3105,3350,3200,Rs/Quintal
Kumbhraj,7,Tonnes,NR,Other,2830,3195,3095,Rs/Quintal
Kurwai,1.5,Tonnes,NR,Yellow,3050,3150,3100,Rs/Quintal
Lateri,27.8,Tonnes,NR,Yellow,3075,3205,3140,Rs/Quintal
Mahidpur,332.2,Tonnes,NR,Yellow,3093,3412,3252,Rs/Quintal
Maksi,38.9,Tonnes,NR,Other,3000,3270,3150,Rs/Quintal
Maksudangarh,30.1,Tonnes,NR,Other,1600,3435,3150,Rs/Quintal
Manasa,2396,Tonnes,NR,Other,3071,3426,3248,Rs/Quintal
Manawar,52.6,Tonnes,NR,Other,2986,3301,3281,Rs/Quintal
Mandsaur,400,Tonnes,NR,Other,3100,3385,3220,Rs/Quintal
Momanbadodiya,43.7,Tonnes,NR,Yellow,2450,3273,3175,Rs/Quintal
Multai,139.7,Tonnes,NR,Yellow,2930,3210,3070,Rs/Quintal
Mungawali,12.3,Tonnes,NR,Yellow,3100,3235,3185,Rs/Quintal
Nagda,129.9,Tonnes,NR,Yellow,3000,3388,3300,Rs/Quintal
Nalkehda,89.9,Tonnes,NR,Other,3270,3333,3301,Rs/Quintal
Nasrullaganj,211.7,Tonnes,NR,Yellow,3000,3266,3254,Rs/Quintal
Neemuch,430.5,Tonnes,NR,Yellow,2550,3500,3340,Rs/Quintal
Pachaur,160.78,Tonnes,NR,Yellow,2700,3385,3250,Rs/Quintal
Pandhana,5.8,Tonnes,NR,Other,3100,3210,3210,Rs/Quintal
Pandhurna,14,Tonnes,NR,Yellow,3150,3190,3180,Rs/Quintal
Petlawad,116.92,Tonnes,NR,Yellow,2950,3330,3215,Rs/Quintal
Piplya,122.4,Tonnes,NR,Soyabeen,3053,3416,3350,Rs/Quintal
Pohari,2.9,Tonnes,NR,Yellow,3151,3190,3190,Rs/Quintal
Raghogarh,4.3,Tonnes,NR,Soyabeen,3231,3248,3240,Rs/Quintal
Rahatgarh,12.7,Tonnes,NR,Yellow,3170,3270,3220,Rs/Quintal
Raisen,2,Tonnes,NR,Other,2900,2900,2900,Rs/Quintal
Rajgarh,272.3,Tonnes,NR,Yellow,2935,3500,3260,Rs/Quintal
Ratlam,450.1,Tonnes,NR,Yellow,3050,3415,3280,Rs/Quintal
Rehli,55,Tonnes,NR,Yellow,3100,3300,3200,Rs/Quintal
Sagar,144.8,Tonnes,NR,Yellow,2800,3310,3250,Rs/Quintal
Sailana,203.1,Tonnes,NR,Other,3101,3531,3300,Rs/Quintal
Sanawad,3.9,Tonnes,NR,Soyabeen,3100,3222,3200,Rs/Quintal
Sanwer,198.3,Tonnes,NR,Yellow,2950,3372,3230,Rs/Quintal
Sarangpur,111.6,Tonnes,NR,Yellow,2899,3282,3100,Rs/Quintal
Segaon,88,Tonnes,NR,Other,3150,3250,3200,Rs/Quintal
Sendhwa,30.1,Tonnes,NR,Yellow,3232,3350,3291,Rs/Quintal
Shadora,4.9,Tonnes,NR,Other,3207,3250,3249,Rs/Quintal
Shamgarh,697.18,Tonnes,NR,Soyabeen,2920,3351,3100,Rs/Quintal
Shamshabad,87.4,Tonnes,NR,Yellow,1201,3289,3201,Rs/Quintal
Shujalpur,209.06,Tonnes,NR,Other,3000,3324,3220,Rs/Quintal
Shyampur,72.7,Tonnes,NR,Yellow,3070,3265,3210,Rs/Quintal
Siroli,28.9,Tonnes,NR,Soyabeen,3080,3256,3140,Rs/Quintal
Sironj,91.6,Tonnes,NR,Other,2900,3458,3179,Rs/Quintal
Sitmau,85,Tonnes,NR,Other,3000,3320,3250,Rs/Quintal
Soyatkalan,9,Tonnes,NR,Other,3100,3175,3155,Rs/Quintal
Susner,17.8,Tonnes,NR,Yellow,3150,3230,3200,Rs/Quintal
Suvasra,30.43,Tonnes,NR,Other,3000,3240,3120,Rs/Quintal
Taal,84.76,Tonnes,NR,Soyabeen,3150,3388,3328,Rs/Quintal
Tarana,476,Tonnes,NR,Yellow,2400,3380,3270,Rs/Quintal
Thandla,73,Tonnes,NR,Yellow,3125,3325,3300,Rs/Quintal
Timarni,172.4,Tonnes,NR,Soyabeen,2300,3318,3225,Rs/Quintal
Ujjain,783.8,Tonnes,NR,Yellow,2140,3522,3320,Rs/Quintal
Unhel,1437,Tonnes,NR,Soyabeen,275.9,340.1,319.4,Rs/Quintal
Vidisha,127,Tonnes,NR,Yellow,2280,3270,3120,Rs/Quintal
Maharashtra,,,,,,,,
Akola,181,Tonnes,NR,Yellow,3050,3340,3195,Rs/Quintal
Akot,95,Tonnes,NR,Yellow,3180,3325,3300,Rs/Quintal
Amalner,NR,Tonnes,NR,Other,3200,3200,3200,Rs/Quintal
Arvi,16,Tonnes,NR,Yellow,2900,3325,3200,Rs/Quintal
Ashti(Karanja),18,Tonnes,NR,Yellow,3000,3300,3150,Rs/Quintal
Aurad Shahajani,36,Tonnes,NR,Yellow,3305,3334,3319,Rs/Quintal
Babhulgaon,50,Tonnes,NR,Yellow,3130,3394,3265,Rs/Quintal
Barshi,13,Tonnes,NR,Other,3300,3325,3311,Rs/Quintal
Bhandara,1,Tonnes,NR,Yellow,3150,3150,3150,Rs/Quintal
Bhokar,1,Tonnes,NR,Yellow,3282,3282,3282,Rs/Quintal
Bhokardan(Pimpalgaon Renu),2,Tonnes,NR,Yellow,3150,3310,3250,Rs/Quintal
Buldhana,40,Tonnes,NR,Yellow,2900,3275,3250,Rs/Quintal
Chakur,7,Tonnes,NR,Yellow,3305,3342,3320,Rs/Quintal
Chalisgaon,1,Tonnes,NR,Other,3000,3187,3100,Rs/Quintal
Chandrapur,2,Tonnes,NR,Other,3315,3322,3320,Rs/Quintal
Chandur Bazar,11,Tonnes,NR,Yellow,3000,3330,3215,Rs/Quintal
Chandur Railway,20,Tonnes,NR,Yellow,3225,3300,3265,Rs/Quintal
Chikali,106,Tonnes,NR,Yellow,3047,3333,3190,Rs/Quintal
Daryapur,40,Tonnes,NR,Yellow,3135,3285,3180,Rs/Quintal
Deoulgaon Raja,1,Tonnes,NR,Yellow,3000,3101,3000,Rs/Quintal
Dhamngaon-Railway,85,Tonnes,NR,Yellow,3100,3340,3250,Rs/Quintal
Dharangaon,3,Tonnes,NR,Yellow,3000,3325,3250,Rs/Quintal
Dhule,NR,Tonnes,NR,Other,3140,3270,3270,Rs/Quintal
Digras,37,Tonnes,NR,Yellow,3250,3325,3295,Rs/Quintal
Gevrai,2,Tonnes,NR,Yellow,3100,3151,3100,Rs/Quintal
Ghatanji,5,Tonnes,NR,Yellow,3245,3305,3300,Rs/Quintal
Himalyatnagar,16,Tonnes,NR,Yellow,3210,3230,3220,Rs/Quintal
Hinganghat,223,Tonnes,NR,Yellow,2901,3361,3100,Rs/Quintal
Hingoli,81,Tonnes,NR,Other,3221,3356,3288,Rs/Quintal
Hingoli(Kanegoan Naka),31,Tonnes,NR,Yellow,3200,3330,3265,Rs/Quintal
Jalana,72,Tonnes,NR,Yellow,3200,3325,3300,Rs/Quintal
Jamkhed,2,Tonnes,NR,Yellow,3000,3200,3100,Rs/Quintal
Jawala-Bajar,10,Tonnes,NR,Other,3100,3300,3200,Rs/Quintal
Jintur,30,Tonnes,NR,Yellow,3000,3326,3240,Rs/Quintal
Jintur(Bori),21,Tonnes,NR,Yellow,3200,3301,3275,Rs/Quintal
Kaij,14,Tonnes,NR,Yellow,3321,3350,3339,Rs/Quintal
Kalamb,5,Tonnes,NR,Yellow,3090,3300,3140,Rs/Quintal
Kalamb(Osmanabad),53,Tonnes,NR,Yellow,3240,3400,3341,Rs/Quintal
Kalamnuri,9,Tonnes,NR,Yellow,3200,3300,3200,Rs/Quintal
Kalvan,2,Tonnes,NR,Other,3151,3181,3151,Rs/Quintal
Karanja,450,Tonnes,NR,Other,3100,3370,3250,Rs/Quintal
Katol,21,Tonnes,NR,Yellow,3051,3291,3150,Rs/Quintal
Khamgaon,329,Tonnes,NR,Yellow,3185,3400,3292,Rs/Quintal
Kille Dharur,2,Tonnes,NR,Yellow,3000,3212,3201,Rs/Quintal
Kopargaon,10,Tonnes,NR,Other,2901,3309,3295,Rs/Quintal
Lasalgaon(Niphad),19,Tonnes,NR,Other,3001,3397,3355,Rs/Quintal
Latur(Murud),4,Tonnes,NR,Yellow,3000,3370,3300,Rs/Quintal
Lonar,100,Tonnes,NR,Yellow,3200,3380,3290,Rs/Quintal
Majalgaon,7,Tonnes,NR,Other,3080,3280,3251,Rs/Quintal
Malegaon,NR,Tonnes,NR,Yellow,2560,2971,2971,Rs/Quintal
Malkapur,47,Tonnes,NR,Yellow,2855,3360,3240,Rs/Quintal
Mangrulpeer,266,Tonnes,NR,Yellow,3150,3400,3400,Rs/Quintal
Manora,35,Tonnes,NR,Other,3100,3360,3230,Rs/Quintal
Mehekar,100,Tonnes,NR,Other,3150,3405,3250,Rs/Quintal
Mukhed,1,Tonnes,NR,Yellow,3350,3350,3350,Rs/Quintal
Murim,8,Tonnes,NR,Yellow,3288,3300,3294,Rs/Quintal
Murtizapur,70,Tonnes,NR,Yellow,3080,3300,3150,Rs/Quintal
Nanded,64,Tonnes,NR,Other,3126,3300,3290,Rs/Quintal
Nandurbar,3,Tonnes,NR,Other,3150,3293,3225,Rs/Quintal
Nanggaon,45,Tonnes,NR,Yellow,3050,3340,3195,Rs/Quintal
Ner Parasopant,41,Tonnes,NR,Yellow,3150,3200,3175,Rs/Quintal
Pachora,9,Tonnes,NR,Other,3190,3329,3221,Rs/Quintal
Paithan,2,Tonnes,NR,Yellow,3101,3101,3101,Rs/Quintal
Parali Vaijyanath,62,Tonnes,NR,Other,3300,3375,3355,Rs/Quintal
Partur,3,Tonnes,NR,Yellow,3275,3300,3290,Rs/Quintal
Rahata,1,Tonnes,NR,Other,3300,3300,3300,Rs/Quintal
Rahuri(Vambori),1,Tonnes,NR,Other,3275,3280,3277,Rs/Quintal
Rajura,12,Tonnes,NR,Yellow,3310,3335,3322,Rs/Quintal
Savner,1,Tonnes,NR,Yellow,3000,3217,3100,Rs/Quintal
Sengoan,40,Tonnes,NR,Yellow,3200,3300,3275,Rs/Quintal
Shahada,1,Tonnes,NR,Other,3311,3311,3311,Rs/Quintal
Shegaon,5,Tonnes,NR,Yellow,3000,3200,3125,Rs/Quintal
Shrirampur(Belapur),NR,Tonnes,NR,Other,3250,3250,3250,Rs/Quintal
Sindi,27,Tonnes,NR,Yellow,3065,3345,3205,Rs/Quintal
Taloda,1,Tonnes,NR,Yellow,3200,3340,3300,Rs/Quintal
Telhara,15,Tonnes,NR,Yellow,3150,3230,3190,Rs/Quintal
Udgir,330,Tonnes,NR,Other,3360,3373,3366,Rs/Quintal
Umared,76,Tonnes,NR,Yellow,2800,3330,3300,Rs/Quintal
Umarga,4,Tonnes,NR,Yellow,3282,3291,3290,Rs/Quintal
Umarked(Danki),17,Tonnes,NR,Yellow,3150,3250,3200,Rs/Quintal
Umarkhed,7,Tonnes,NR,Yellow,3150,3250,3200,Rs/Quintal
Vani,9,Tonnes,NR,Yellow,3310,3325,3315,Rs/Quintal
Wardha,10,Tonnes,NR,Yellow,3100,3255,3200,Rs/Quintal
Washim,210,Tonnes,NR,Yellow,3250,3350,3300,Rs/Quintal
Washim(Ansing),30,Tonnes,NR,Yellow,3200,3375,3250,Rs/Quintal
Yeotmal,105,Tonnes,NR,Yellow,3045,3390,3225,Rs/Quintal
Rajasthan,,,,,,,,
Aklera,2.5,Tonnes,NR,Other,3613,3632,3622,Rs/Quintal
Atru,66.3,Tonnes,NR,Other,3001,3340,3170,Rs/Quintal
Atru(Kawai Salpura),45.8,Tonnes,NR,Other,3216,3356,3286,Rs/Quintal
Badrisadri,12.1,Tonnes,NR,Other,2100,3336,2716,Rs/Quintal
Baran,68,Tonnes,NR,Other,3150,3286,3225,Rs/Quintal
Bhawani Mandi,115,Tonnes,NR,Other,3000,3365,3182,Rs/Quintal
Bhawani Mandi(Choumehla),100,Tonnes,NR,Other,3100,3340,3220,Rs/Quintal
Bhawani Mandi(Raipur),37.7,Tonnes,NR,Other,3242,3369,3305,Rs/Quintal
Bundi,10,Tonnes,NR,Other,3152,3315,3234,Rs/Quintal
DEI(Bundi),1.6,Tonnes,NR,Other,3281,3281,3281,Rs/Quintal
Itawa,6.7,Tonnes,NR,Other,2900,3262,3081,Rs/Quintal
Keshoraipatan,4.8,Tonnes,NR,Other,3000,3320,3160,Rs/Quintal
Khanpur,69.3,Tonnes,NR,Other,2799,3349,3349,Rs/Quintal
Kota,589,Tonnes,NR,Other,3025,3320,3200,Rs/Quintal
Nimbahera,80,Tonnes,NR,Other,3080,3370,3200,Rs/Quintal
Pratapgarh,114,Tonnes,NR,Other,3100,3477,3290,Rs/Quintal
Ramaganj Mandi,105.1,Tonnes,NR,Other,2920,3352,3216,Rs/Quintal
Uttar Pradesh,,,,,,,,
Kanpur(Grain),15,Tonnes,NR,Soyabeen,4200,4450,4300,Rs/Quintal
Lalitpur,10,Tonnes,NR,Yellow,3000,3400,3330,Rs/Quintal
Sunflower,,,,,,,,
Karnataka,,,,,,,,
Bagalakot,1,Tonnes,NR,Sunflower,3701,3888,3879,Rs/Quintal
Bellary,0.9,Tonnes,NR,Sunflower,3461,3780,3681,Rs/Quintal
Gadag,9,Tonnes,NR,Sunflower,3410,3844,3777,Rs/Quintal
Gulbarga,15,Tonnes,NR,Sunflower,3202,3552,3475,Rs/Quintal
Kottur,60,Tonnes,NR,Hybrid,3390,4950,3933,Rs/Quintal
Kustagi,NR,Tonnes,NR,Hybrid,3800,3800,3800,Rs/Quintal
Laxmeshwar,2,Tonnes,NR,Sunflower,3600,3839,3748,Rs/Quintal
Mundaragi,18,Tonnes,NR,Sunflower,3439,3850,3761,Rs/Quintal
Rona,1,Tonnes,NR,Sunflower,3869,3941,3921,Rs/Quintal
Maharashtra,,,,,,,,
Barshi,NR,Tonnes,NR,Other,3300,3300,3300,Rs/Quintal
Suva (Dill Seed),,,,,,,,
Gujarat,,,,,,,,
Thara,2.4,Tonnes,NR,Other,5600,5650,5625,Rs/Quintal
Unjha,2.52,Tonnes,NR,Suva (Dill Seed),5555,5875,5625,Rs/Quintal
Taramira,,,,,,,,
Madhya Pradesh,,,,,,,,
Mandsaur,0.2,Tonnes,NR,Other,3650,3881,3750,Rs/Quintal
Neemuch,0.6,Tonnes,NR,Taramira,3535,3535,3535,Rs/Quintal
Rajasthan,,,,,,,,
Bagru,0.5,Tonnes,NR,Other,4000,4100,4050,Rs/Quintal
Jodhpur (Grain)(Mandor),0.2,Tonnes,NR,Other,4200,4800,4500,Rs/Quintal
Sri Madhopur,0.2,Tonnes,NR,Other,4150,4150,4150,Rs/Quintal
"Live Stock,Poultry,Fisheries",,,,,,,,
Cock,,,,,,,,
Tripura,,,,,,,,
Melaghar,180,Nos,NR,Local,350,450,400,Rs/Number
Cow,,,,,,,,
Tripura,,,,,,,,
Kulai,67,Nos,NR,Cow,15000,20000,17000,Rs/Number
Duck,,,,,,,,
Tripura,,,,,,,,
Bachaibari,40,Nos,NR,Local,230,400,300,Rs/Number
Egg,,,,,,,,
Odisha,,,,,,,,
Digapahandi,8000,Nos,NR,Egg,4.8,5.5,5.2,Rs/Number
Karanjia,0.19,Nos,NR,Other,1050,1070,1060,Rs/Number
Fish,,,,,,,,
Odisha,,,,,,,,
Baripada,2.5,Tonnes,NR,Fish,15000,20000,16000,Rs/Quintal
Betnoti,0.02,Tonnes,NR,Other,10000,16000,14000,Rs/Quintal
Karanjia,0.07,Tonnes,NR,Other,17000,19000,18000,Rs/Quintal
Kendupatna,10,Tonnes,NR,Other,1650,1700,1650,Rs/Quintal
Kendupatna(Niali),10,Tonnes,NR,Other,1700,1750,1700,Rs/Quintal
Saraskana,0.3,Tonnes,NR,Fish,14000,18000,15000,Rs/Quintal
Udala,0.6,Tonnes,NR,Fish,15000,16500,16000,Rs/Quintal
Tripura,,,,,,,,
Bishalgarh,0.8,Tonnes,NR,Katla(Big),25000,28000,26000,Rs/Quintal
,,,NR,Rahu(Andhra),14000,18000,16000,Rs/Quintal
,,,NR,Rahu(Local),20000,28000,24000,Rs/Quintal
Melaghar,0.8,Tonnes,NR,Bata Putti,17000,18500,18000,Rs/Quintal
,,,NR,Katla(Big),28000,29000,28500,Rs/Quintal
,,,NR,Rahu(Andhra),14000,15500,15000,Rs/Quintal
,,,NR,Rahu(Local),27000,28000,27500,Rs/Quintal
Uttar Pradesh,,,,,,,,
Ruperdeeha,2,Tonnes,NR,Fish,NR,3200,3000,Rs/Quintal
Uttrakhand,,,,,,,,
Kicchha,5,Tonnes,NR,Pangass,3000,3800,3700,Rs/Quintal
West Bengal,,,,,,,,
Jhargram,2.6,Tonnes,NR,Rahu(Andhra),15500,16500,16000,Rs/Quintal
Goat,,,,,,,,
Karnataka,,,,,,,,
Sira,76,Nos,NR,Goat,300,7000,6300,Rs/Number
Maharashtra,,,,,,,,
Malegaon(Vashim),1,Nos,NR,Goat,2500,8000,3750,Rs/Number
Palus,4,Nos,NR,Goat,3600,9000,5500,Rs/Number
Odisha,,,,,,,,
Digapahandi,115,Nos,NR,Goat,8500,10000,9500,Rs/Number
Tripura,,,,,,,,
Bachaibari,25,Nos,NR,Goat,1450,3500,2300,Rs/Number
Kulai,35,Nos,NR,Goat,2500,3400,3300,Rs/Number
Hen,,,,,,,,
Maharashtra,,,,,,,,
Palus,54,Nos,NR,Other,145,500,275,Rs/Number
Odisha,,,,,,,,
Dhenkanal,650,Nos,NR,Boiler/Firm(White),11000,12000,12000,Rs/Number
Kendupatna,6000,Nos,NR,Other,160,162,160,Rs/Number
Kendupatna(Niali),6000,Nos,NR,Other,158,160,158,Rs/Number
Tripura,,,,,,,,
Bachaibari,150,Nos,NR,Local,200,400,250,Rs/Number
Ox,,,,,,,,
Maharashtra,,,,,,,,
Malegaon(Vashim),1,Nos,NR,Ox,15000,40000,20000,Rs/Number
She Buffalo,,,,,,,,
Maharashtra,,,,,,,,
,,,NR,She Baffelo,20000,60000,30000,Rs/Number
Sheep,,,,,,,,
Karnataka,,,,,,,,
Sira,76,Nos,NR,Sheep Medium,2500,6500,5800,Rs/Number
